town,state,lat,lon,id,administrative_area_level_3,administrative_area_level_2
Albany,New York,42.6657453,-73.7983532,4581,NA,NA
Alfred,New York,42.2543333,-77.7896461,4584,NA,NA
Amesterdam,New York,42.9415923,-74.1905225,4586,NA,NA
Amsterdam,New York,42.9415923,-74.1905225,4586,NA,NA
Auburn,New York,42.9337096,-76.5673419,4590,NA,NA
Batavia,New York,42.9985582,-78.1808064,4595,NA,NA
Bath,New York,42.3360869,-77.3168523,4596,NA,NA
Brighton,New York,43.1159591674804,-77.57173157,8435,NA,NA
Brooklyn,New York,40.659806,-73.951035,4606,NA,NA
Buffalo,New York,42.8924919,-78.8596862,4608,NA,NA
Canadaigua,New York,42.8889987,-77.2803208,4609,NA,NA
Canandaigua,New York,42.8889987,-77.2803208,4609,NA,NA
Canandaiqua,New York,42.8889987,-77.2803208,4609,NA,NA
Canton,New York,44.5995095,-75.1706714,4611,NA,NA
Casenovia,New York,42.9282682,-75.8501814,4615,NA,NA
Catham,New York,42.36207,-73.599686,4617,NA,NA
Catskill,New York,42.2126036,-73.8599108,4613,NA,NA
Cattskill,New York,42.2126036,-73.8599108,4613,NA,NA
Cazanovia,New York,42.9282682,-75.8501814,4615,NA,NA
Cazenova,New York,42.9282682,-75.8501814,4615,NA,NA
Cazenovia,New York,42.9282682,-75.8501814,4615,NA,NA
Chatham,New York,42.36207,-73.599686,4617,NA,NA
Chester,New York,41.3569422,-74.2769204,4618,NA,NA
Cobelskill,New York,42.6790021,-74.4852336,4621,NA,NA
Coblekill,New York,42.6790021,-74.4852336,4621,NA,NA
Cobleskill,New York,42.6790021,-74.4852336,4621,NA,NA
Colonie,New York,42.7208726,-73.8317359,4625,NA,NA
Corinth,New York,43.2456617,-73.8303482,4626,NA,NA
Cornwall,New York,41.442589,-74.013898,4628,NA,NA
Cortlandt,New York,42.6008656,-76.1791268,4630,NA,NA
Coxackie,New York,42.3576381,-73.8079973,4631,NA,NA
Coxsackie,New York,42.3576381,-73.8079973,4631,NA,NA
Dansville,New York,42.5624825,-77.6969273,4634,NA,NA
Danville,New York,42.5624825,-77.6969273,4634,NA,NA
Delhi,New York,42.2783094,-74.9144211,4635,NA,NA
Florida,New York,41.3306407,-74.3542019,4657,NA,NA
Flushing,New York,40.765722,-73.823662,4659,NA,NA
Frankford,New York,43.0377535,-75.0715825,4661,NA,NA
Frankfort,New York,43.0377535,-75.0715825,4661,NA,NA
Genesco,New York,42.7989933,-77.8095577,4667,NA,NA
Genesee,New York,42.7989933,-77.8095577,4667,NA,NA
Geneseo,New York,42.7989933,-77.8095577,4667,NA,NA
Genesoe,New York,42.7989933,-77.8095577,4667,NA,NA
Goshen,New York,41.4016894,-74.3268127,4673,NA,NA
Gouverneur,New York,44.3365729,-75.4660346,4674,NA,NA
Grandville,New York,43.4134225,-73.270621,4676,NA,NA
Granville,New York,43.4134225,-73.270621,4676,NA,NA
Hamburgh,New York,42.7233954,-78.8348671,4682,NA,NA
Hamilton,New York,42.8284567,-75.553015,4683,NA,NA
Harrison,New York,41.0264443,-73.7237065,4684,NA,NA
Harverstraw,New York,41.1782452,-73.9433312,4686,NA,NA
Harwick,New York,41.2552441,-74.3547216,4861,NA,NA
haverstraw,New York,41.1782452,-73.9433312,4686,NA,NA
Haverstraw,New York,41.1782452,-73.9433312,4686,NA,NA
Hempstead,New York,40.7043737,-73.6194451,4687,NA,NA
Hempsted,New York,40.7043737,-73.6194451,4687,NA,NA
Herkemer,New York,43.0280782,-74.9933058,4688,NA,NA
Herkimer,New York,43.0280782,-74.9933058,4688,NA,NA
Homer,New York,42.6372333,-76.1853767,4691,NA,NA
Hudson,New York,42.2519047,-73.7860284,4696,NA,NA
Jamaica,New York,40.705638,-73.799422,4704,NA,NA
Johnstown,New York,43.0073347,-74.3750646,4707,NA,NA
Kingston,New York,41.9301241,-73.9967823,4711,NA,NA
Lansingburgh,New York,42.784466,-73.669441,4720,NA,NA
Le Roy,New York,42.9780121,-77.9908802,4724,NA,NA
LeRoy,New York,42.9780121,-77.9908802,4724,NA,NA
Liberty,New York,41.7965932,-74.7431951,4726,NA,NA
Lowville,New York,43.7866672,-75.4874165,4734,NA,NA
Malone,New York,44.8482211,-74.2895797,4737,NA,NA
Mamaroneck,New York,40.9344348,-73.726644,4739,NA,NA
Mamoroneck,New York,40.9344348,-73.726644,4739,NA,NA
Manilius,New York,43.0010574,-75.9816331,4740,NA,NA
Manilus,New York,43.0010574,-75.9816331,4740,NA,NA
Manlius,New York,43.0010574,-75.9816331,4740,NA,NA
Manluis,New York,43.0010574,-75.9816331,4740,NA,NA
Massena,New York,44.9290237,-74.8929731,4743,NA,NA
Middleton,New York,41.4449222,-74.4235731,4749,NA,NA
Middletown,New York,41.4449222,-74.4235731,4749,NA,NA
Milton,New York,43.2899412,-77.7925951,4690,NA,NA
Mohawk,New York,43.0093769,-75.0071392,4752,NA,NA
Monroe,New York,41.3203951,-74.1830199,4753,NA,NA
Montgomery,New York,41.5212657,-74.2386611,4755,NA,NA
Munroe,New York,41.3203951,-74.1830199,4753,NA,NA
New Hampstead,New York,41.1457088,-74.0510343,4763,NA,NA
New Hempstead,New York,41.1457088,-74.0510343,4763,NA,NA
New Hempsted,New York,41.1457088,-74.0510343,4763,NA,NA
New Paltz,New York,41.749942,-74.0797377,4765,NA,NA
New Platz,New York,41.749942,-74.0797377,4765,NA,NA
New Rochell,New York,40.9232433,-73.7793439,4766,NA,NA
New Rochelle,New York,40.9232433,-73.7793439,4766,NA,NA
New York City,New York,40.6642738,-73.9385004,4768,NA,NA
New-Paltz,New York,41.749942,-74.0797377,4765,NA,NA
Newburgh,New York,41.5032494,-74.0196402,4771,NA,NA
Norwich,New York,42.5333218,-75.5227584,4777,NA,NA
Olean,New York,42.0839431,-78.4351188,4781,NA,NA
Ostego,New York,43.4580517,-76.5036887,4786,NA,NA
Oswego,New York,43.4580517,-76.5036887,4786,NA,NA
Oswego,New York,42.1045599,-76.2622269,4788,NA,NA
Otego,New York,42.1045599,-76.2622269,4788,NA,NA
Owego,New York,43.4580517,-76.5036887,4786,NA,NA
Owego,New York,42.1045599,-76.2622269,4788,NA,NA
Palmira,New York,43.0608641,-77.2297192,4789,NA,NA
Palmyra,New York,43.0608641,-77.2297192,4789,NA,NA
Pelham,New York,40.9110803,-73.8077044,4792,NA,NA
Plattsburg,New York,44.6934498,-73.4559524,4797,NA,NA
Plattsburgh,New York,44.6934498,-73.4559524,4797,NA,NA
Potsdam,New York,44.6692407,-74.9858951,4805,NA,NA
Poughkeepsie,New York,41.6945945,-73.9198692,4806,NA,NA
Prattsburg,New York,44.6934498,-73.4559524,4797,NA,NA
Rhinebeck,New York,41.9288029,-73.9102876,4809,NA,NA
Rhynebeck,New York,41.9288029,-73.9102876,4809,NA,NA
Rochester,New York,43.1699272,-77.6168907,4810,NA,NA
Rome,New York,43.2272326,-75.4917117,4812,NA,NA
Rye,New York,40.983177,-73.684473,4815,NA,NA
Scaresdale,New York,40.992048,-73.7806289,4822,NA,NA
Scarsdale,New York,40.992048,-73.7806289,4822,NA,NA
Schenactady,New York,42.8018398,-73.927295,4823,NA,NA
Schenctady,New York,42.8018398,-73.927295,4823,NA,NA
Schenectady,New York,42.8018398,-73.927295,4823,NA,NA
Sidney,New York,42.3029483,-75.4033098,4828,NA,NA
Southampton,New York,40.8765421,-72.3999944,4838,NA,NA
Troy,New York,42.7358118,-73.6753209,4849,NA,NA
Union,New York,42.114722,-76.021667,4852,NA,NA
Victory,New York,42.9820188,-77.4098214,4855,NA,NA
Walton,New York,42.1698107,-75.130478,4858,NA,NA
Warsaw,New York,42.7429111,-78.1412927,4860,NA,NA
Warwick,New York,41.2552441,-74.3547216,4861,NA,NA
Watertown,New York,43.9732923,-75.9100391,4864,NA,NA
Wesfield,New York,42.3218707,-79.5747545,4872,NA,NA
Westfield,New York,42.3218707,-79.5747545,4872,NA,NA
White Hall,New York,43.5601578,-73.4165938,4874,NA,NA
White Plains,New York,41.0253362,-73.7521369,4873,NA,NA
Whitehall,New York,43.5601578,-73.4165938,4874,NA,NA
Whiteplains,New York,41.0253362,-73.7521369,4873,NA,NA
Wilton,New York,43.2899412,-77.7925951,4690,NA,NA
Wilton,New York,42.1698107,-75.130478,4858,NA,NA
Yonkers,New York,40.9458622,-73.8674464,4881,NA,NA
Adams,New York,43.8092321,-76.0240892,NA,Adams,Jefferson County
Addison,New York,42.1028514,-77.2335879,NA,Addison,Steuben County
Amenia,New York,41.8492599,-73.5567918,NA,Amenia,Dutchess County
Angelica,New York,42.3067345,-78.0158388,NA,Angelica,Allegany County
Antwerp,New York,44.1992272,-75.6068791,NA,Antwerp,Jefferson County
Arguyle,New York,43.2378519,-73.4915018,NA,Argyle,Washington County
Argyle,New York,43.2378519,-73.4915018,NA,Argyle,Washington County
Armenia,New York,41.7457578,-76.860565,NA,Armenia Township,Bradford County
Arminia,New York,41.7457578,-76.860565,NA,Armenia Township,Bradford County
Athens,New York,42.2603648,-73.8095707,NA,Athens,Greene County
Augusta,New York,42.9747916,-75.5012871,NA,Augusta,Oneida County
Aurelius,New York,42.9188489,-76.7105632,NA,Aurelius,Cayuga County
Aureluis,New York,42.9188489,-76.7105632,NA,Aurelius,Cayuga County
Baelstown,New York,42.9644625738713,-73.8693237304688,NA,NA,NA
Ballston,New York,42.9653961,-73.8654295,NA,NA,Saratoga County
Ballstown,New York,42.9653961,-73.8654295,NA,NA,Saratoga County
Bangor,New York,44.8122731,-74.3973963,NA,Bangor,Franklin County
Barkman Town,New York,44.7711117553126,-73.4925270080566,NA,NA,NA
Beckman,New York,41.6154423246811,-73.7076187133789,NA,Westfield,Chautauqua County
Beckmantown,New York,44.7708742,-73.4920802,NA,Beekmantown,Clinton County
Bedford,New York,41.204262,-73.6437397,NA,Bedford,Westchester County
Beekman,New York,41.6109269,-73.7129076,NA,Beekman,Dutchess County
Beekmantown,New York,44.7708742,-73.4920802,NA,Beekmantown,Clinton County
Bengal,New York,43.26620632572599,-75.75553894042969,NA,NA,Monroe County
Berkshire,New York,42.3042402,-76.1865964,NA,Berkshire,Tioga County
Berlin,New York,42.6931351,-73.3720549,NA,Berlin,Rensselaer County
Bern,New York,42.6253546,-74.1334647,NA,Berne,Albany County
Berne,New York,42.6253546,-74.1334647,NA,Berne,Albany County
Bethel,New York,41.6837659,-74.8719284,NA,Bethel,Sullivan County
Bethleham,New York,42.5778541,-73.8183804,NA,Bethlehem,Albany County
Bethlehem,New York,42.5778541,-73.8183804,NA,Bethlehem,Albany County
Blenheim,New York,42.4794352,-74.4760088,NA,Blenheim,Schoharie County
Bloomfield,New York,42.8972624,-77.4214278,NA,East Bloomfield,Ontario County
Blooming Grove,New York,41.4227446,-74.2047875,NA,Blooming Grove,Orange County
Bloomingrove,New York,41.3673856,-74.1768412,NA,Blooming Grove,Orange County
Bolton,New York,43.5788608,-73.6771662,NA,Bolton,Warren County
Boonville,New York,43.4836801,-75.3365607,NA,Boonville,Oneida County
Bridgewater,New York,42.8792376,-75.2509971,NA,Bridgewater,Oneida County
Bristol,New York,42.8453424,-77.424156,NA,Bristol,Ontario County
Briston,New York,42.8453424,-77.424156,NA,Bristol,Ontario County
Broadalban,New York,43.0586846,-74.1965206,NA,Broadalbin,Fulton County
Broadalbin,New York,43.0586846,-74.1965206,NA,Broadalbin,Fulton County
Broadalkin,New York,43.0586846,-74.1965206,NA,Broadalbin,Fulton County
Brook Haven,New York,40.7792653,-72.9153827,NA,Brookhaven,Suffolk County
Brookfield,New York,42.8128488,-75.3176677,NA,Brookfield,Madison County
Brookhaven,New York,40.7792653,-72.9153827,NA,Brookhaven,Suffolk County
Broome,New York,42.1791865,-75.8533954,NA,NA,Broome County
Brownsville,New York,44.00442215963282,-75.9817886352539,NA,NA,Kings County
Brownville,New York,44.0070026,-75.9840923,NA,Brownville,Jefferson County
Brunswick,New York,42.7359115,-73.5615043,NA,Brunswick,Rensselaer County
Brutus,New York,43.0484434593862,-76.5376281738281,NA,Brutus,Cayuga County
Burlingnton,New York,42.7228512,-75.1254387,NA,Burlington,Otsego County
Burlington,New York,42.7228512,-75.1254387,NA,Burlington,Otsego County
Bushwick,New York,40.6944282,-73.9212858,NA,NA,Kings County
Bushwyck,New York,40.6944282,-73.9212858,NA,NA,Kings County
Buthwick,New York,40.6944282,-73.9212858,NA,NA,Kings County
Butternut,New York,42.377228,-75.30685,NA,NA,Otsego County
Butternuts,New York,42.4773619,-75.3178952,NA,Butternuts,Otsego County
Cairo,New York,42.2989749,-73.9984659,NA,Cairo,Greene County
Caledonia,New York,42.9731175,-77.852785,NA,Caledonia,Livingston County
Cambria,New York,43.1848992,-78.8156113,NA,Cambria,Niagara County
Cambridge,New York,43.0281329,-73.3812231,NA,NA,Washington County
Camden,New York,43.3345138,-75.747964,NA,Camden,Oneida County
Camilius,New York,43.039233,-76.3040965,NA,Camillus,Onondaga County
Camillus,New York,43.039233,-76.3040965,NA,Camillus,Onondaga County
Camp,New York,42.13311278044984,-73.8775634765625,NA,Lower Allen Township,Cumberland County
Canaan,New York,42.4116592,-73.447175,NA,Canaan,Columbia County
Canadaque,New York,42.887535,-77.2816984,NA,NA,Ontario County
Canaedea,New York,42.3864542,-78.1536209,NA,Caneadea,Allegany County
Canaedes,New York,42.3869514405249,-78.1430053710938,NA,NA,NA
Canajoharie,New York,42.9056288,-74.5718073,NA,Canajoharie,Montgomery County
Canajoharry,New York,42.9056288,-74.5718073,NA,Canajoharie,Montgomery County
Canajohary,New York,42.9056288,-74.5718073,NA,Canajoharie,Montgomery County
Canandarqua,New York,42.887535,-77.2816984,NA,NA,Ontario County
Canesteo,New York,42.2703487,-77.6058225,NA,Canisteo,Steuben County
Canisteo,New York,42.2703487,-77.6058225,NA,Canisteo,Steuben County
Cannajoharie,New York,42.9056288,-74.5718073,NA,Canajoharie,Montgomery County
Canojoharie,New York,42.9056288,-74.5718073,NA,Canajoharie,Montgomery County
Canojohary,New York,42.9056288,-74.5718073,NA,Canajoharie,Montgomery County
Carlisle,New York,42.7570191,-74.4456909,NA,Carlisle,Schoharie County
Carmel,New York,41.4300937,-73.6801297,NA,Carmel,Putnam County
Casanova,New York,42.92626291864936,-75.8551025390625,NA,NA,Bronx County
Cassinovia,New York,42.9300668,-75.8526915,NA,Cazenovia,Madison County
Castle Town,New York,40.61773133445856,-74.104156494140625,NA,Vernon,Oneida County
Castleton,New York,40.617079816381285,-74.104156494140625,NA,NA,Rutland County
Castletown,New York,40.617079816381285,-74.10346984863281,NA,New Castle,Westchester County
Catharine's Town,New York,42.312852,-76.7846764,NA,Catharine,Schuyler County
Catharines,New York,42.312852,-76.7846764,NA,Catharine,Schuyler County
Catherine,New York,42.31997030030749,-76.784820556640625,NA,NA,New York County
Catherines,New York,42.33621470741859,-76.783447265625,NA,NA,New York County
Cato,New York,43.1681225,-76.5729987,NA,NA,Cayuga County
Catts-Kill,New York,42.2173102,-73.8645734,NA,Catskill,Greene County
Caughnawaga,New York,42.99159002898986,-74.19685363769531,NA,South Dundas,"Stormont, Dundas and Glengarry United Counties"
Chaarleton,New York,42.9334089,-73.9690142,NA,Charlton,Saratoga County
Champien,New York,43.9622893,-75.6901951,NA,Champion,Jefferson County
Champion,New York,43.9622893,-75.6901951,NA,Champion,Jefferson County
Champlaign,New York,44.9864273,-73.4465251,NA,Champlain,Clinton County
Champlain,New York,44.9864273,-73.4465251,NA,Champlain,Clinton County
Champlin,New York,44.9864273,-73.4465251,NA,Champlain,Clinton County
Charleston,New York,42.819580715795915,-74.28131103515625,NA,NA,Richmond County
Charlestown,New York,42.81731423643948,-74.290924072265625,NA,NA,Washington County
Charleton,New York,42.93443260037529,-73.96064758300781,NA,Charlton,Saratoga County
Charlston,New York,42.82209892875648,-74.30431365966797,NA,NA,Richmond County
Charlstown,New York,42.81152174509788,-74.288177490234375,NA,NA,Washington County
Charlton,New York,42.9334089,-73.9690142,NA,Charlton,Saratoga County
Chateagay,New York,44.9264336,-74.0796081,NA,Chateaugay,Franklin County
Chateaugay,New York,44.9264336,-74.0796081,NA,Chateaugay,Franklin County
Chateauguay,New York,44.9264336,-74.0796081,NA,Chateaugay,Franklin County
Chattagua,New York,42.209774,-79.4668445,NA,Chautauqua,Chautauqua County
Chattaguay,New York,44.9264336,-74.0796081,NA,Chateaugay,Franklin County
Chautaugue,New York,42.209774,-79.4668445,NA,Chautauqua,Chautauqua County
Chazy,New York,44.8895329,-73.4360334,NA,Chazy,Clinton County
Cheesecocks,New York,41.3169326,-74.1900385,NA,Monroe,Orange County
Chemong,New York,42.0089992226549,-76.61384582519531,NA,Clarkstown,Rockland County
Chemung,New York,42.0084073,-76.6238369,NA,Chemung,Chemung County
Chemungo,New York,42.0084073,-76.6238369,NA,Chemung,Chemung County
Chenango,New York,42.18299552873959,-75.8877182006836,NA,NA,Chenango County
Cheningo,New York,42.18579390537848,-75.89080810546875,NA,NA,Chenango County
Cherry Valley,New York,42.7956294,-74.7532018,NA,Cherry Valley,Otsego County
Chesterfield,New York,44.4440753677203,-73.50059509277344,NA,Chesterfield,Essex County
Chile,New York,43.10317626326831,-77.75213241577148,NA,La Serena,Elqui
Chili,New York,43.10399092988393,-77.7513599395752,NA,Chili,Monroe County
Cicero,New York,43.1763158,-76.1141646,NA,Cicero,Onondaga County
Cincinnatus,New York,42.5422923,-75.8957534,NA,Cincinnatus,Cortland County
Claremont,New York,42.083063312144496,-73.82876873016357,NA,NA,Bronx County
Clarence,New York,42.9767255,-78.5919709,NA,Clarence,Erie County
Clark's Town,New York,41.1259715,-73.959494,NA,Clarkstown,Rockland County
Clarkestown,New York,41.1259715,-73.959494,NA,Clarkstown,Rockland County
Clarks Town,New York,41.1259715,-73.959494,NA,Clarkstown,Rockland County
Clarkson,New York,43.2331655,-77.927621,NA,Clarkson,Monroe County
Clarkstown,New York,41.1259715,-73.959494,NA,Clarkstown,Rockland County
Clavarack,New York,42.223403,-73.7351586,NA,Claverack,Columbia County
Claverack,New York,42.223403,-73.7351586,NA,Claverack,Columbia County
Claverick,New York,42.223403,-73.7351586,NA,Claverack,Columbia County
Clerko Town,New York,41.135227480564936,-73.9544677734375,NA,NA,NA
Clermont,New York,42.0830473868164,-73.82838249206543,NA,Clermont,Columbia County
Clinton,New York,43.0484029,-75.3785034,NA,Kirkland,Oneida County
Cllinton,New York,43.0484029,-75.3785034,NA,Kirkland,Oneida County
Cobus Kill,New York,42.67814471770751,-74.47940826416016,NA,NA,NA
Cocksakie,New York,42.3509179,-73.8029028,NA,Coxsackie,Greene County
Cocsacke,New York,42.3509179,-73.8029028,NA,Coxsackie,Greene County
Coeymans,New York,42.4739705,-73.7923456,NA,Coeymans,Albany County
Colchester,New York,42.1603635,-75.077389,NA,Walton,Delaware County
Columbia,New York,42.933207217198614,-75.0377368927002,NA,NA,Columbia County
Columbus,New York,42.6839611,-75.3726723,NA,Columbus,Chenango County
Conajoharie,New York,42.9056288,-74.5718073,NA,Canajoharie,Montgomery County
Concord,New York,42.52677220056902,-78.701934814453125,NA,NA,Richmond County
Conhocton,New York,42.5022907,-77.5072102,NA,Cohocton,Steuben County
Conquest,New York,43.1211773,-76.6480028,NA,Conquest,Cayuga County
Constable,New York,44.9292125,-74.2971311,NA,Constable,Franklin County
Constantia,New York,43.2478466,-76.0001965,NA,Constantia,Oswego County
Cooksackie,New York,42.3509179,-73.8029028,NA,Coxsackie,Greene County
Cortlandt Town,New York,41.2548162,-73.9001377,NA,Cortlandt Manor,Westchester County
Coventry,New York,42.3159098,-75.6385205,NA,Coventry,Chenango County
Covert,New York,42.5753492,-76.6835596,NA,Covert,Seneca County
Coxakie,New York,42.3509179,-73.8029028,NA,Coxsackie,Greene County
Crown Point,New York,43.9503352,-73.4370667,NA,Crown Point,Essex County
Crown-Point,New York,43.9503352,-73.4370667,NA,Crown Point,Essex County
Crownpoint,New York,43.941724,-73.4690117,NA,Crown Point,Essex County
Cumberland,New York,39.5837312,-78.8487897,NA,Cresaptown-Bel Air,Allegany County
De Ruyter,New York,42.7584005,-75.8843616,NA,DeRuyter,Madison County
Deer Park,New York,41.445299934803955,-74.64042663574219,NA,Babylon,Suffolk County
Deerfield,New York,43.16362012590674,-75.17841339111328,NA,Deerfield,Oneida County
Deerpark,New York,41.4591459,-74.663464,NA,Deerpark,Orange County
DeKalb,New York,44.49971942094208,-75.34252166748047,NA,NA,Kings County
Denmark,New York,43.8997909,-75.5824117,NA,Denmark,Lewis County
Dernyter,New York,42.7584005,-75.8843616,NA,DeRuyter,Madison County
Deruyter,New York,42.7584005,-75.8843616,NA,DeRuyter,Madison County
DeRuyter,New York,42.7584005,-75.8843616,NA,DeRuyter,Madison County
Dickenson,New York,44.7483891,-74.564621,NA,Dickinson Center,Franklin County
Dickinson,New York,44.7483891,-74.564621,NA,Dickinson Center,Franklin County
Dorlach,New York,42.74852488539493,-74.56575393676758,NA,NA,NA
Dorlack,New York,42.74902911459619,-74.56644058227539,NA,NA,NA
Dorloch,New York,42.74625580323014,-74.56498146057129,NA,NA,NA
Dover,New York,41.696244,-73.5829689,NA,Dover,Dutchess County
Dryden,New York,42.4909053,-76.2971553,NA,Dryden,Tompkins County
Duanesborough,New York,42.755079545072135,-74.1302490234375,NA,NA,NA
Duanesburg,New York,42.76202,-74.1337383,NA,Duanesburg,Schenectady County
Duanesburgh,New York,42.76202,-74.1337383,NA,Duanesburg,Schenectady County
Dunesburgh,New York,42.76202,-74.1337383,NA,Duanesburg,Schenectady County
Durham,New York,42.3995257,-74.1723608,NA,Durham,Greene County
Durloch,New York,42.747138233941826,-74.56850051879883,NA,NA,NA
East Chester,New York,40.95734486099285,-73.80615234375,NA,Chester,Orange County
East Hampton,New York,40.9634335,-72.1848009,NA,East Hampton,Suffolk County
East-Chester,New York,40.956826305786734,-73.80409240722655,NA,Chester,Orange County
East-Hampton,New York,40.9634335,-72.1848009,NA,East Hampton,Suffolk County
Eastampton,New York,40.96123389519331,-72.16987609863281,NA,NA,Hampden County
Eastchester,New York,40.9595605,-73.8095574,NA,Eastchester,Westchester County
Easthampton,New York,40.9634335,-72.1848009,NA,East Hampton,Suffolk County
Easthamton,New York,40.9634335,-72.1848009,NA,East Hampton,Suffolk County
Easton,New York,42.9934104,-73.5523378,NA,Easton,Washington County
Eastown,New York,42.98954960666953,-73.55629920959473,NA,Southeast,Putnam County
Eaton,New York,42.99058552185121,-73.54522705078125,NA,Eaton,Madison County
Edinburgh,New York,43.22226864444986,-74.09540176391602,NA,NA,Hidalgo County
Edon,New York,42.65416193033991,-78.89556884765625,NA,NA,NA
Elizabeth-Town,New York,44.2163337,-73.5904478,NA,Elizabethtown,Essex County
Elizabethtown,New York,44.2163337,-73.5904478,NA,Elizabethtown,Essex County
Ellisburg,New York,43.7328451,-76.1360363,NA,Ellisburg,Jefferson County
Ellisburgh,New York,43.7328451,-76.1360363,NA,Ellisburg,Jefferson County
Erie,New York,43.0005043104253,-78.53233337402344,NA,NA,Erie County
Erwin,New York,42.156626,-77.1255055,NA,Erwin,Steuben County
Esopus,New York,41.8278707,-73.9651379,NA,Esopus,Ulster County
Essex,New York,44.3100511,-73.3526277,NA,Essex,Essex County
Exeter,New York,42.7916338,-75.0844757,NA,Exeter,Otsego County
Fabius,New York,42.835067,-75.9860322,NA,Fabius,Onondaga County
Fabuis,New York,42.835067,-75.9860322,NA,Fabius,Onondaga County
Fairfield,New York,43.1372919,-74.9132097,NA,Fairfield,Herkimer County
Farmington,New York,42.9864223,-77.3259508,NA,Farmington,Ontario County
Fayette,New York,42.8142352,-76.8091216,NA,Fayette,Seneca County
Fishkill,New York,41.5356492,-73.8990252,NA,Fishkill,Dutchess County
Flat Lands,New York,40.6268432,-73.9330429,NA,NA,Kings County
Flat-Lands,New York,40.6268432,-73.9330429,NA,NA,Kings County
Flatbush,New York,40.6409217,-73.9624327,NA,NA,Kings County
Flatland,New York,40.6611019,-73.8624763,NA,NA,Kings County
Flatlands,New York,40.6268432,-73.9330429,NA,NA,Kings County
Fleming,New York,42.8617349,-76.5741088,NA,Fleming,Cayuga County
Florence,New York,43.4384032,-75.7493533,NA,Florence,Oneida County
Floyd,New York,43.2197918,-75.3343366,NA,Floyd,Oneida County
Fowler,New York,44.2786725,-75.3863214,NA,Fowler,St. Lawrence County
Franklin,New York,42.3406373,-75.1651689,NA,Franklin,Delaware County
Frederick,New York,41.46537017728069,-73.72856140136719,NA,NA,Richmond County
Frederick Town,New York,41.44272637767212,-73.7347412109375,NA,NA,Richmond County
Fredericks,New York,41.45919537950706,-73.73199462890625,NA,NA,New York County
Fredericksburgh,New York,41.43860847395721,-73.73199462890625,NA,Scriba,Oswego County
Frederickstown,New York,41.43860847395721,-73.72650146484375,NA,NA,NA
Fredericktown,New York,41.43860847395721,-73.74847412109375,NA,NA,York County
Freedom,New York,42.495390378152244,-78.37577819824219,NA,Freedom,Cattaraugus County
Freehold,New York,42.3592503,-74.0498564,NA,Greenville,Greene County
Galen,New York,43.099478793917605,-76.87065124511719,NA,Galen,Wayne County
Gallatin,New York,42.0650965,-73.7242486,NA,Gallatin,Columbia County
Galloway,New York,43.01920754159507,-74.02862548828125,NA,NA,Atlantic County
Gallway,New York,43.0186858,-74.0315162,NA,Galway,Saratoga County
Galoway,New York,43.01920754159507,-74.03068542480469,NA,NA,Atlantic County
Galway,New York,43.0186858,-74.0315162,NA,Galway,Saratoga County
Gates,New York,43.1480944,-77.7223162,NA,Gates,Monroe County
Genoa,New York,42.6678489,-76.5357741,NA,Genoa,Cayuga County
Ger. Flatts,New York,42.9777988,-74.9793243,NA,German Flatts,Herkimer County
German,New York,42.5045167,-75.8301537,NA,German,Chenango County
German Flats,New York,42.9777988,-74.9793243,NA,German Flatts,Herkimer County
German Flatts,New York,42.9777988,-74.9793243,NA,German Flatts,Herkimer County
German Town,New York,42.13540417611067,-73.876190185546875,NA,NA,New York County
German-Flatts,New York,42.9777988,-74.9793243,NA,German Flatts,Herkimer County
Germanflatts,New York,42.9777988,-74.9793243,NA,German Flatts,Herkimer County
Germantown,New York,42.1345339,-73.8917982,NA,Germantown,Columbia County
Glenville,New York,42.9292419,-74.0520717,NA,Glenville,Schenectady County
Grafton,New York,42.768967,-73.4509464,NA,Grafton,Rensselaer County
Granger,New York,42.4851233,-77.9967043,NA,Granger,Allegany County
Graves End,New York,40.5910166,-73.977126,NA,NA,Kings County
Gravesend,New York,40.5910166,-73.977126,NA,NA,Kings County
Great Valley,New York,42.2145087,-78.636417,NA,Great Valley,Cattaraugus County
Greece,New York,43.2097837,-77.6930602,NA,Greece,Monroe County
Green,New York,42.334184385939416,-75.75897216796875,NA,Green Township,Hocking County
Greenburgh,New York,41.0339576,-73.8654295,NA,Greenburgh,Westchester County
Greenbush,New York,42.6464644,-74.4437504,NA,Cobleskill,Schoharie County
Greene,New York,42.3292408,-75.7699147,NA,Greene,Chenango County
Greeneland,New York,43.0721825,-76.1412005,NA,NA,Onondaga County
Greeneville,New York,42.38821933390688,-74.00201797485352,NA,Greenburgh,Westchester County
Greenfield,New York,43.1036852,-73.8640118,NA,Greenfield,Saratoga County
Greenland,New York,43.0721825,-76.1412005,NA,NA,Onondaga County
Greensburgh,New York,41.03482303148103,-73.86576175689697,NA,Athens,Greene County
Greensville,New York,42.388092545721044,-73.99824142456055,NA,Greenburgh,Westchester County
Greenville,New York,42.386951440524854,-73.999786376953125,NA,Greenburgh,Westchester County
Greenwich,New York,43.0901395,-73.4992824,NA,Greenwich,Washington County
Guelderland,New York,42.7043568,-73.9116433,NA,Guilderland,Albany County
Guilderland,New York,42.7043568,-73.9116433,NA,Guilderland,Albany County
Hadley,New York,43.32442840300542,-73.8720703125,NA,Hadley,Saratoga County
Half Moon,New York,42.84475822992461,-73.70796203613281,NA,Halfmoon,Saratoga County
Halfmoom,New York,42.83720605264495,-73.7024688720703,NA,Halfmoon,Saratoga County
Halfmoon,New York,42.8275844,-73.717849,NA,Halfmoon,Saratoga County
Hampton,New York,43.5238461,-73.252864400000007,NA,Hampton,Washington County
Hamson,New York,41.02161413315938,-73.7186050415039,NA,NA,Kings County
Hancock,New York,41.9539754,-75.2804502,NA,Hancock,Delaware County
Hanibal,New York,43.3211788,-76.5788338,NA,Hannibal,Oswego County
Hannibal,New York,43.3211788,-76.5788338,NA,Hannibal,Oswego County
Harftord,New York,43.3635375,-73.3925589,NA,Hartford,Washington County
Harperfield,New York,42.4384124,-74.6873749,NA,Harpersfield,Delaware County
Harpers Field,New York,42.4384124,-74.6873749,NA,Harpersfield,Delaware County
Harpersfield,New York,42.4384124,-74.6873749,NA,Harpersfield,Delaware County
Harrisburg,New York,43.8422911,-75.6026888,NA,Harrisburg,Lewis County
Harrisburgh,New York,43.8422911,-75.6026888,NA,Harrisburg,Lewis County
Hartford,New York,43.3635375,-73.3925589,NA,Hartford,Washington County
Hartland,New York,43.2400574,-78.5761399,NA,Hartland,Niagara County
Hartwick,New York,42.6597113,-75.049126,NA,Hartwick,Otsego County
Hebron,New York,43.2672574,-73.3472901,NA,Hebron,Washington County
Hector,New York,42.5006271,-76.8724586,NA,Hector,Schuyler County
Henderson,New York,43.846825,-76.1816012,NA,Henderson,Jefferson County
Henrietta,New York,43.0592452,-77.6128039,NA,Henrietta,Monroe County
Hillsdale,New York,42.1792443,-73.525026,NA,Hillsdale,Columbia County
Honeoye,New York,42.7900604,-77.5166873,NA,Richmond,Ontario County
Hoosack,New York,42.8611368,-73.3286887,NA,Hoosick,Rensselaer County
Hoosick,New York,42.8611368,-73.3286887,NA,Hoosick,Rensselaer County
Hope,New York,43.3036812,-74.2431907,NA,Hope,Hamilton County
Hopeton,New York,42.6711187,-76.9804518,NA,Torrey,Yates County
Hopetown,New York,43.3036812,-74.2431907,NA,Hope,Hamilton County
Hopkinton,New York,44.6903349,-74.7032439,NA,Hopkinton,St. Lawrence County
Hosack,New York,42.86313133846493,-73.321380615234375,NA,NA,NA
Hosick,New York,42.8611368,-73.3286887,NA,Hoosick,Rensselaer County
Hosicoke,New York,42.86313133846493,-73.32292556762695,NA,NA,NA
Houndsfield,New York,43.950905,-76.0713089,NA,Hounsfield,Jefferson County
Hounsfield,New York,43.950905,-76.0713089,NA,Hounsfield,Jefferson County
Howard,New York,42.364237,-77.5088758,NA,Howard,Steuben County
Hudson City,New York,42.2528649,-73.790959,NA,NA,Columbia County
Huley,New York,41.9245368,-74.0612519,NA,Hurley,Ulster County
Hunter,New York,42.2136987,-74.2187541,NA,Hunter,Greene County
Huntingdon,New York,40.871987756697415,-73.42437744140625,NA,NA,Le Haut-Saint-Laurent Regional County Municipality
Huntington,New York,40.8681539,-73.425676,NA,Huntington,Suffolk County
Hurley,New York,41.9245368,-74.0612519,NA,Hurley,Ulster County
Hurly,New York,41.9245368,-74.0612519,NA,Hurley,Ulster County
Huron,New York,43.2333993,-76.8799617,NA,Huron,Wayne County
Hyde Park,New York,41.7667602,-73.9015246,NA,Hyde Park,Dutchess County
Ira,New York,43.2214564,-76.5563314,NA,Ira,Cayuga County
Ischua,New York,42.2475662,-78.3997416,NA,Ischua,Cattaraugus County
Islip,New York,40.7298207,-73.2103934,NA,Islip,Suffolk County
Jay,New York,44.3750471,-73.728195,NA,Jay,Essex County
Jefferson,New York,42.4813303,-74.6102591,NA,Jefferson,Schoharie County
Jericho,New York,40.7920441,-73.5398476,NA,Oyster Bay,Nassau County
Jerico,New York,40.7920441,-73.5398476,NA,Oyster Bay,Nassau County
Jersey,New York,42.34078269109013,-77.07836151123045,NA,NA,Suffolk County
Jerusalem,New York,42.626429,-77.1715228,NA,Jerusalem,Yates County
Juneus,New York,42.9787052,-76.8951551,NA,Junius,Seneca County
Junius,New York,42.9787052,-76.8951551,NA,Junius,Seneca County
Keen,New York,44.257986652122426,-73.78829956054686,NA,Red Hook,Dutchess County
Keene,New York,44.2561582,-73.7920851,NA,Keene,Essex County
Kent,New York,43.3285372,-78.1355966,NA,Carlton,Orleans County
Kinderhook,New York,42.3953617,-73.6978983,NA,Kinderhook,Columbia County
Kingbury,New York,43.3636827,-73.5315025,NA,Kingsbury,Washington County
Kingsberry,New York,43.3636827,-73.5315025,NA,Kingsbury,Washington County
Kingsburg,New York,43.35514118114017,-73.53424072265625,NA,NA,Monmouth County
Kingsbury,New York,43.3636827,-73.5315025,NA,Kingsbury,Washington County
Knox,New York,42.6711876,-74.115685,NA,Knox,Albany County
Korthright,New York,42.4027266,-74.7571147,NA,Kortright,Delaware County
Kortright,New York,42.4027266,-74.7571147,NA,Kortright,Delaware County
Kortwright,New York,42.4027266,-74.7571147,NA,Kortright,Delaware County
Lake Pleasant,New York,43.4709016,-74.4126461,NA,Lake Pleasant,Hamilton County
Le Raye,New York,44.0904517,-75.7836589,NA,Le Ray,Jefferson County
Lebanon,New York,42.7814571,-75.6476841,NA,Lebanon,Madison County
Ledyard,New York,42.6953486,-76.6216114,NA,Venice,Cayuga County
Leicester,New York,42.7720066,-77.8966709,NA,Leicester,Livingston County
Lenox,New York,43.05833,-75.70472,NA,Lincoln,Madison County
LeRay,New York,44.08992769004803,-75.7833480834961,NA,Le Ray,Jefferson County
Leslie,New York,42.34909303246958,-76.0019588470459,NA,NA,Queens County
Lewis,New York,44.275027,-73.5655742,NA,Lewis,Essex County
Lexington,New York,42.2403646,-74.3654253,NA,Lexington,Greene County
Leyden,New York,43.5493013,-75.3645369,NA,Leyden,Lewis County
Lide,New York,42.36057345238456,-76.00067138671875,NA,NA,Westchester County
Lisbon,New York,44.727284,-75.3210467,NA,Lisbon,St. Lawrence County
Lisle,New York,42.3511845,-76.0032571,NA,Lisle,Broome County
Litcfield,New York,42.9777236,-75.1457455,NA,Litchfield,Herkimer County
Litchfield,New York,42.9777236,-75.1457455,NA,Litchfield,Herkimer County
Little Valley,New York,42.2525629,-78.8055896,NA,Little Valley,Cattaraugus County
Livingston,New York,42.1424234,-73.7779162,NA,Livingston,Columbia County
Livinston,New York,42.1424234,-73.7779162,NA,Livingston,Columbia County
Locke,New York,42.6606262,-76.4307699,NA,Locke,Cayuga County
Lorain,New York,43.74530493763506,-75.91552734375,NA,NA,Lorain County
Loraine,New York,43.75125720420175,-75.92926025390625,NA,Lorraine,Jefferson County
Lorraine,New York,43.7492731811147,-75.92376708984375,NA,Lorraine,Jefferson County
Louisville,New York,44.8975496,-75.0157628,NA,Louisville,St. Lawrence County
Lumberland,New York,41.4781684,-74.8039205,NA,Lumberland,Sullivan County
Lyden,New York,43.54257572246922,-75.3607177734375,NA,NA,Westchester County
Lysander,New York,43.198168406832046,-76.375579833984375,NA,Lysander,Onondaga County
Lysanders,New York,43.1811470593997,-76.39068603515625,NA,Lysander,Onondaga County
Madison,New York,42.8989582,-75.5121217,NA,Madison,Madison County
Madrid,New York,44.7483037,-75.1325897,NA,Madrid,St. Lawrence County
Malta,New York,42.9711869,-73.7926207,NA,Malta,Saratoga County
Mamacating,New York,41.5897024,-74.4760088,NA,Mamakating,Sullivan County
Mamacatting,New York,41.5897024,-74.4760088,NA,Mamakating,Sullivan County
Mamacotton,New York,41.58668835697237,-74.476318359375,NA,NA,NA
Mamakating,New York,41.5897024,-74.4760088,NA,Mamakating,Sullivan County
Mammacating,New York,41.5897024,-74.4760088,NA,Mamakating,Sullivan County
Mammakating,New York,41.5897024,-74.4760088,NA,Mamakating,Sullivan County
Mammaraneck,New York,40.9487097,-73.7326309,NA,Mamaroneck,Westchester County
Mamoreoneeck,New York,40.9487097,-73.7326309,NA,Mamaroneck,Westchester County
Manacating,New York,41.5897024,-74.4760088,NA,Mamakating,Sullivan County
Mandan,New York,42.93330147830861,-74.705657958984375,NA,NA,Erie County
Manheim,New York,43.0587198,-74.8039205,NA,Manheim,Herkimer County
Manor,New York,41.896144026994854,-74.83062744140625,NA,NA,Richmond County
Manor Castletown,New York,40.632519085637355,-74.09214019775389,NA,New Castle,Westchester County
Manor Livingston,New York,41.9003667,-74.8282167,NA,Rockland,Sullivan County
Manor of Livingston,New York,41.9003667,-74.8282167,NA,Rockland,Sullivan County
Maracellus,New York,42.9828438,-76.3404867,NA,Marcellus,Onondaga County
Marbletown,New York,41.868538175362616,-74.14569854736328,NA,Marbletown,Ulster County
Marcellus,New York,42.9828438,-76.3404867,NA,Marcellus,Onondaga County
Marlborough,New York,41.629384,-73.9947563,NA,Marlborough,Ulster County
Marmacotting,New York,41.582579601430346,-74.47906494140625,NA,NA,NA
Maronack,New York,40.9487097,-73.7326309,NA,Mamaroneck,Westchester County
Martinsburg,New York,43.7375692,-75.4696268,NA,Martinsburg,Lewis County
Martinsburgh,New York,43.7375692,-75.4696268,NA,Martinsburg,Lewis County
Martz,New York,43.03276068583203,-76.62689208984375,NA,Farmington,Ontario County
Mayfield,New York,43.1045171,-74.2648563,NA,Mayfield,Fulton County
Mendon,New York,42.9976979,-77.5048696,NA,Mendon,Monroe County
Mentz,New York,43.0335594,-76.6297189,NA,Mentz,Cayuga County
Mercellus,New York,42.9828438,-76.3404867,NA,Marcellus,Onondaga County
Mercillus,New York,42.9828438,-76.3404867,NA,Marcellus,Onondaga County
Meredith,New York,42.3584155,-74.9343272,NA,Meredith,Delaware County
Mexico,New York,43.4595138,-76.2288176,NA,Mexico,Oswego County
Middleburg,New York,42.598687,-74.3329156,NA,Middleburgh,Schoharie County
Middleburgh,New York,42.598687,-74.3329156,NA,Middleburgh,Schoharie County
Middlebury,New York,42.808445,-78.133638,NA,Middlebury,Wyoming County
Middlefield,New York,42.6872972,-74.8398736,NA,Middlefield,Otsego County
Milan,New York,41.9534255,-73.7920752,NA,Milan,Dutchess County
Milford,New York,42.5906322,-74.9451573,NA,Milford,Otsego County
Minden,New York,42.9319435,-74.7102958,NA,Minden,Montgomery County
Mindon,New York,42.9976979,-77.5048696,NA,Mendon,Monroe County
Minerva,New York,43.7914527,-73.984302,NA,Minerva,Essex County
Minisink,New York,41.3338698,-74.5346103,NA,Minisink,Orange County
Mooers,New York,44.9633714,-73.5873639,NA,Mooers,Clinton County
Mooers-Town,New York,44.9633714,-73.5873639,NA,Mooers,Clinton County
Moores,New York,44.9633714,-73.5873639,NA,Mooers,Clinton County
Moors Town,New York,44.9611540902871,-73.58642578125,NA,NA,East Riding of Yorkshire
Moreau,New York,43.2406297,-73.6771662,NA,Moreau,Saratoga County
Moriah,New York,44.0461658,-73.5051262,NA,Moriah,Essex County
Morissiania,New York,40.82508693239911,-73.90812993049622,NA,NA,Bronx County
Morrisannia,New York,40.8250663,-73.9109977,NA,NA,Bronx County
Mount Pleasant,New York,41.1139006,-73.8066163,NA,Mount Pleasant,Westchester County
Mounth Pleasant,New York,41.1139006,-73.8066163,NA,Mount Pleasant,Westchester County
Mt. Pleasant,New York,41.1139006,-73.8066163,NA,Mount Pleasant,Westchester County
Murray,New York,43.2739482,-78.0458502,NA,Murray,Orleans County
N. Baltimore,New York,42.446261403946686,-73.799285888671875,NA,Islip,Suffolk County
N. Hempstead,New York,40.8099413,-73.6771662,NA,North Hempstead,Nassau County
Nassau,New York,42.5159145,-73.6101159,NA,Nassau,Rensselaer County
Nelson,New York,42.9172892,-75.7768545,NA,Nelson,Madison County
Neversink,New York,41.8448528,-74.62502,NA,Neversink,Sullivan County
New  Utrecht,New York,40.6131601,-73.9959724,NA,NA,Kings County
New Baltimore,New York,42.446194,-73.7886601,NA,New Baltimore,Greene County
New Berlin,New York,42.6242404,-75.33156,NA,New Berlin,Chenango County
New Castle,New York,41.1889606,-73.7830861,NA,New Castle,Westchester County
New Cornwall,New York,41.443498455529024,-74.01969909667969,NA,NA,Putnam County
New Eutrecht,New York,40.6131601,-73.9959724,NA,NA,Kings County
New Marlborough,New York,41.64104053971743,-73.97360801696777,NA,NA,Berkshire County
New Rochel,New York,40.9114882,-73.7823549,NA,NA,Westchester County
New Salem,New York,42.62278,-73.96889,NA,New Scotland,Albany County
New Town,New York,40.7127837,-74.0059413,NA,NA,NA
New Utrecht,New York,40.6131601,-73.9959724,NA,NA,Kings County
New Windsor,New York,41.4767605,-74.0237518,NA,New Windsor,Orange County
New York,New York,40.7127837,-74.0059413,NA,NA,NA
New-Utrecht,New York,40.6131601,-73.9959724,NA,NA,Kings County
Newport,New York,43.1859025,-75.0143244,NA,Newport,Herkimer County
Newton,New York,40.7456199,-73.0776143,NA,Islip,Suffolk County
Newtown,New York,41.4141116,-73.3035656,NA,Newtown,Fairfield County
Niskayuna,New York,42.8000049,-73.8914407,NA,Niskayuna,Schenectady County
Niskeuna,New York,42.8000049,-73.8914407,NA,Niskayuna,Schenectady County
North Baltimore,New York,42.446261403946686,-73.79327774047852,NA,Islip,Suffolk County
North Castle,New York,41.1119431,-73.7119571,NA,North Castle,Westchester County
North East,New York,41.921742,-73.5358541,NA,North East,Dutchess County
North Hempstead,New York,40.8099413,-73.6771662,NA,North Hempstead,Nassau County
North Hempsted,New York,40.8099413,-73.6771662,NA,North Hempstead,Nassau County
North Marlborough,New York,41.629384,-73.9947563,NA,Marlborough,Ulster County
North Salem,New York,41.3350356,-73.5719051,NA,North Salem,Westchester County
North Windsor,New York,41.477074950709365,-74.01952743530273,NA,Windsor,Broome County
North-Castle,New York,41.1119431,-73.7119571,NA,North Castle,Westchester County
North-East,New York,41.921742,-73.5358541,NA,North East,Dutchess County
North-Hempstead,New York,40.8099413,-73.6771662,NA,North Hempstead,Nassau County
Northampton,New York,43.21168197765769,-74.16046142578125,NA,Southampton,Suffolk County
Northcastle,New York,41.1119431,-73.7119571,NA,North Castle,Westchester County
Northeast,New York,41.949787926673416,-73.531494140625,NA,NA,NA
Northeast Town,New York,41.951830611989145,-73.527374267578125,NA,NA,NA
Northeastown,New York,41.95412855472532,-73.52703094482422,NA,Conewago Township,York County
Northfield,New York,42.2470282,-75.1887822,NA,Walton,Delaware County
Northumberland,New York,43.1272972,-73.5881713,NA,Northumberland,Saratoga County
Norway,New York,43.2084024,-74.9521005,NA,Norway,Herkimer County
Nundo,New York,42.5795085,-77.942503,NA,Nunda,Livingston County
Ogden,New York,43.1579962,-77.8138553,NA,Ogden,Monroe County
Onondaga,New York,42.988450889670816,-76.17816925048828,NA,Onondaga,Onondaga County
Oppenheim,New York,43.0722932,-74.6926462,NA,Oppenheim,Fulton County
Orange,New York,42.34103645823105,-77.026519775390625,NA,NA,Orange County
Orange Town,New York,41.0607151401866,-73.97369384765625,NA,NA,New Haven County
Orangetown,New York,41.0555461,-73.9477384,NA,Orangetown,Rockland County
Ossian,New York,42.5211777,-77.7794411,NA,Ossian,Livingston County
Oswegatchie,New York,44.1828405,-75.070196,NA,Fine,St. Lawrence County
Otisco,New York,42.8600671,-76.2179832,NA,Otisco,Onondaga County
Otsego,New York,42.7160880306114,-74.98340606689453,NA,NA,Otsego County
Ovid,New York,42.6764593,-76.8230111,NA,Ovid,Seneca County
Owasco,New York,42.8550683,-76.4652146,NA,Owasco,Cayuga County
Owesco,New York,42.8550683,-76.4652146,NA,Owasco,Cayuga County
Oxford,New York,42.4420181,-75.5976855,NA,Oxford,Chenango County
Oyster Bay,New York,40.8656543,-73.5320685,NA,Oyster Bay,Nassau County
Oyster-Bay,New York,40.8656543,-73.5320685,NA,Oyster Bay,Nassau County
Oysterbay,New York,40.8656543,-73.5320685,NA,Oyster Bay,Nassau County
Painted Post,New York,42.1620186,-77.0941366,NA,Erwin,Steuben County
Palatine,New York,42.9507351,-74.5697617,NA,Palatine,Montgomery County
Palentine,New York,42.9507351,-74.5697617,NA,Palatine,Montgomery County
Paltz,New York,41.7475933,-74.0868095,NA,New Paltz,Ulster County
Paris,New York,43.0006253,-75.3137775,NA,Paris,Oneida County
Parishville,New York,44.628683,-74.8138334,NA,Parishville,St. Lawrence County
Parma,New York,43.271706072394906,-77.80380249023436,NA,Parma,Monroe County
Patterson,New York,41.513264,-73.6048288,NA,Patterson,Putnam County
Paulings,New York,41.56408696606436,-73.5919189453125,NA,NA,NA
Pawling,New York,41.5620381,-73.6026271,NA,Pawling,Dutchess County
Pawlings,New York,41.5620381,-73.6026271,NA,Pawling,Dutchess County
Penfield,New York,43.1303407,-77.475551,NA,Penfield,Monroe County
Perinton,New York,43.0796634,-77.4472495,NA,Perinton,Monroe County
Perrysburgh,New York,42.4564497,-79.0019812,NA,Perrysburg,Cattaraugus County
Peru,New York,44.578379,-73.5268028,NA,Peru,Clinton County
Peterborough,New York,42.9672898,-75.6879613,NA,Smithfield,Madison County
Peterburgh,New York,42.7508272,-73.3413948,NA,Petersburgh,Rensselaer County
Petersborough,New York,42.96571873877725,-75.699920654296875,NA,Huntington,Suffolk County
Petersburg,New York,42.7508272,-73.3413948,NA,Petersburgh,Rensselaer County
Petersburgh,New York,42.7508272,-73.3413948,NA,Petersburgh,Rensselaer County
Pew,New York,44.581175634511105,-73.52668762207031,NA,Marbletown,Ulster County
Pharsalia,New York,42.5828467,-75.781026,NA,Pharsalia,Chenango County
Phelps,New York,42.957564,-77.057471,NA,Phelps,Ontario County
Philips,New York,41.42033212392897,-73.9515495300293,NA,Kaw Township,Jackson County
Philipstown,New York,41.4230072,-73.9504774,NA,NA,Putnam County
Phillipe,New York,41.42136191421521,-73.94948959350586,NA,NA,Bronx County
Phillips,New York,41.42226296732032,-73.94983291625977,NA,NA,Monroe County
Phillipstown,New York,41.4230072,-73.9504774,NA,NA,Putnam County
Pickney,New York,43.8286579,-75.7836589,NA,Pinckney,Lewis County
Pinckney,New York,43.8286579,-75.7836589,NA,Pinckney,Lewis County
Pinfield,New York,43.1303407,-77.475551,NA,Penfield,Monroe County
Pinkney,New York,43.83254552160589,-75.78094482421875,NA,NA,Bronx County
Pittsfield,New York,42.6385757,-75.281205,NA,Pittsfield,Otsego County
Pittsford,New York,43.0906186,-77.5149969,NA,Town of Pittsford,Monroe County
Pittstown,New York,42.8350778,-73.485114,NA,Pittstown,Rensselaer County
Plainfield,New York,42.8341831,-75.1895576,NA,Plainfield,Otsego County
Platte Kill,New York,41.6239741,-74.0593872,NA,Plattekill,Ulster County
Platte-Kill,New York,41.6239741,-74.0593872,NA,Plattekill,Ulster County
Plattekill,New York,41.6239741,-74.0593872,NA,Plattekill,Ulster County
Plattkill,New York,41.6239741,-74.0593872,NA,Plattekill,Ulster County
Pleasant Valley,New York,41.7445382,-73.8212439,NA,Pleasant Valley,Dutchess County
Plymouth,New York,42.6170149,-75.6024065,NA,Plymouth,Chenango County
Pomfret,New York,42.387934,-79.3578201,NA,Pomfret,Chautauqua County
Pompey,New York,42.8989556,-76.0160326,NA,Pompey,Onondaga County
Porter,New York,43.2493407,-78.9853813,NA,Porter,Niagara County
Pound Ridge,New York,41.208442,-73.57482,NA,Pound Ridge,Westchester County
Pound-Ridge,New York,41.208442,-73.57482,NA,Pound Ridge,Westchester County
Poundridge,New York,41.208442,-73.57482,NA,Pound Ridge,Westchester County
Preble,New York,42.7353459,-76.1482602,NA,Preble,Cortland County
Preston,New York,42.5339602,-75.6232418,NA,Preston,Chenango County
Prince Town,New York,42.7789649,-74.0645709,NA,Princetown,Schenectady County
Princeton,New York,42.775243380699706,-74.06158447265624,NA,NA,Queens County
Princetown,New York,42.7789649,-74.0645709,NA,Princetown,Schenectady County
Providence,New York,43.1060531,-74.0535126,NA,Providence,Saratoga County
Puetney,New York,42.512601715736665,-77.1734619140625,NA,Hempstead,Nassau County
Pulteney,New York,42.5250703,-77.167196,NA,Pulteney,Steuben County
Pultney,New York,42.5250703,-77.167196,NA,Pulteney,Steuben County
Queeensbury,New York,43.353627,-73.6771662,NA,Queensbury,Warren County
Queensborough,New York,43.35314407444698,-73.67706298828125,NA,NA,Queens County
Queensburgh,New York,43.35314407444698,-73.67156982421874,NA,NA,NA
Queensbury,New York,43.353627,-73.6771662,NA,Queensbury,Warren County
Queesbury,New York,43.353627,-73.6771662,NA,Queensbury,Warren County
Ramsen,New York,43.3270136,-75.1868317,NA,Remsen,Oneida County
Reading,New York,42.4069975,-76.9412601,NA,Reading,Schuyler County
Red Hook,New York,41.9950919,-73.8754114,NA,Red Hook,Dutchess County
Red-Hook,New York,41.9950919,-73.8754114,NA,Red Hook,Dutchess County
Redfield,New York,43.5331257,-75.8215792,NA,Redfield,Oswego County
Redhook,New York,41.9950919,-73.8754114,NA,Red Hook,Dutchess County
Redman,New York,43.84987932186656,-75.91381072998047,NA,NA,Monroe County
Remsen,New York,43.3270136,-75.1868317,NA,Remsen,Oneida County
Rennsaelerville,New York,42.5161888,-74.1379131,NA,Rensselaerville,Albany County
Rennselaerville,New York,42.5161888,-74.1379131,NA,Rensselaerville,Albany County
Rensselaer,New York,42.6425794,-73.742898,NA,NA,Rensselaer County
Rensselaersville,New York,42.5161888,-74.1379131,NA,Rensselaerville,Albany County
Rensselaerville,New York,42.5161888,-74.1379131,NA,Rensselaerville,Albany County
Rensselaerwick,New York,42.69511641335238,-73.70967864990234,NA,NA,NA
Rensselaerwyck,New York,42.6963780642701,-73.71010780334473,NA,NA,NA
Renssellaerwick,New York,42.69858589169842,-73.7237548828125,NA,NA,NA
Richfield,New York,42.8572942,-75.0540468,NA,Richfield,Otsego County
Richland,New York,43.5692838,-76.0502046,NA,Richland,Oswego County
Ridgefield,New York,42.86589941517495,-75.06134033203125,NA,NA,Fairfield County
Riga,New York,43.0695057,-77.8838984,NA,Riga,Monroe County
River Head,New York,40.91351257612758,-72.65808105468749,NA,NA,New York County
Riverhead,New York,40.9170435,-72.6620402,NA,Riverhead,Suffolk County
Rockland,New York,41.9625536359481,-74.76539611816406,NA,NA,Rockland County
Rodman,New York,43.8512135,-75.9406679,NA,Rodman,Jefferson County
Romullus,New York,42.752546100000004,-76.834038,NA,NA,Seneca County
Romulus,New York,42.752546100000004,-76.834038,NA,NA,Seneca County
Rossie,New York,44.3786699,-75.6549495,NA,Rossie,St. Lawrence County
Rotterdam,New York,42.7870209,-73.9709583,NA,Rotterdam,Schenectady County
Roxbury,New York,42.3004166,-74.5547222,NA,Roxbury,Delaware County
Rush,New York,42.9954553,-77.6298188,NA,Rush,Monroe County
Russell,New York,44.4295059,-75.1499264,NA,Russell,St. Lawrence County
Russia,New York,43.2586801,-75.0821053,NA,Russia,Herkimer County
Rutland,New York,43.9410279,-75.7836589,NA,Rutland,Jefferson County
Salem,New York,43.1722983,-73.3276101,NA,Salem,Washington County
Salibury,New York,40.7456559,-73.5601266,NA,Hempstead,Nassau County
Salina,New York,43.1071066,-76.1725774,NA,Salina,Onondaga County
Salisbury,New York,40.7456559,-73.5601266,NA,Hempstead,Nassau County
Sandlake,New York,42.6373017,-73.5406697,NA,Sand Lake,Rensselaer County
Sangerfield,New York,42.9139589,-75.3790591,NA,Sangerfield,Oneida County
Sangersfield,New York,42.9139589,-75.3790591,NA,Sangerfield,Oneida County
Sangertius,New York,42.08191667830631,-73.95721435546875,NA,NA,NA
Sangertuis,New York,42.0775906,-73.9529126,NA,Saugerties,Ulster County
Saranac,New York,44.6514318,-73.7434754,NA,Saranac,Clinton County
Saratoga,New York,43.05484087957652,-73.656463623046875,NA,NA,Saratoga County
Saratoga (E.H.R.),New York,43.0324245,-73.9359821,NA,NA,Saratoga County
Scaghiticoke,New York,42.9000773,-73.5853939,NA,Schaghticoke,Rensselaer County
Scaghticoke,New York,42.9000773,-73.5853939,NA,Schaghticoke,Rensselaer County
Scaticoke,New York,42.9000773,-73.5853939,NA,Schaghticoke,Rensselaer County
Scatikoke,New York,42.9000773,-73.5853939,NA,Schaghticoke,Rensselaer County
Schaghtcoke,New York,42.9000773,-73.5853939,NA,Schaghticoke,Rensselaer County
Schaghticoke,New York,42.9000773,-73.5853939,NA,Schaghticoke,Rensselaer County
Schaghtioke,New York,42.9000773,-73.5853939,NA,Schaghticoke,Rensselaer County
Schagticoke,New York,42.9000773,-73.5853939,NA,Schaghticoke,Rensselaer County
Scharoon,New York,43.8383684,-73.7618292,NA,Schroon,Essex County
Schaticocke,New York,42.9000773,-73.5853939,NA,Schaghticoke,Rensselaer County
Schaticoke,New York,42.9000773,-73.5853939,NA,Schaghticoke,Rensselaer County
Schaticook,New York,42.9000773,-73.5853939,NA,Schaghticoke,Rensselaer County
Schaughitocke,New York,42.9000773,-73.5853939,NA,Schaghticoke,Rensselaer County
Schaughticok,New York,42.9000773,-73.5853939,NA,Schaghticoke,Rensselaer County
Schaughticoke,New York,42.9000773,-73.5853939,NA,Schaghticoke,Rensselaer County
Schlosser,New York,40.8505859,-73.9700086,NA,NA,Bergen County
Schodach,New York,42.5191196,-73.6771662,NA,Schodack,Rensselaer County
Schodack,New York,42.5191196,-73.6771662,NA,Schodack,Rensselaer County
Schoharie,New York,42.6659087,-74.3095787,NA,Schoharie,Schoharie County
Schoharry,New York,42.6659087,-74.3095787,NA,Schoharie,Schoharie County
Schohary,New York,42.6659087,-74.3095787,NA,Schoharie,Schoharie County
Schreor,New York,43.84047016946789,-73.76495361328124,NA,NA,NA
Schroon,New York,43.8383684,-73.7618292,NA,Schroon,Essex County
Schuyler,New York,43.0986809,-75.0912706,NA,Schuyler,Herkimer County
Scipio,New York,42.7874635,-76.5719414,NA,Scipio,Cayuga County
Sempronius,New York,42.7295134,-76.3152098,NA,Sempronius,Cayuga County
Senaca,New York,42.84425478015883,-77.056732177734375,NA,NA,Seneca County
Seneca,New York,42.84375132629021,-77.05535888671874,NA,NA,Seneca County
Senneca,New York,42.85180609584705,-77.04711914062499,NA,NA,Seneca County
Shandaken,New York,42.1200896,-74.3954274,NA,Shandaken,Ulster County
Sharon,New York,42.7609688,-74.5324165,NA,Sharon,Schoharie County
Shawangunk,New York,41.6284438,-74.1944529,NA,Shawangunk,Ulster County
Shawungonck,New York,41.6284438,-74.1944529,NA,Shawangunk,Ulster County
Shawungunk,New York,41.6284438,-74.1944529,NA,Shawangunk,Ulster County
Shelden,New York,42.7372826,-78.4186302,NA,Sheldon,Wyoming County
Sheldon,New York,42.7372826,-78.4186302,NA,Sheldon,Wyoming County
Shelter Island,New York,41.0681549,-72.3386939,NA,Shelter Island,Suffolk County
Sherborn,New York,42.679406713370305,-75.50079345703125,NA,Webster,Monroe County
Sherborne,New York,42.679406713370305,-75.49530029296875,NA,Webster,Monroe County
Sherburne,New York,42.6781266,-75.4985123,NA,Sherburne,Chenango County
Shetlter Island,New York,41.0681549,-72.3386939,NA,Shelter Island,Suffolk County
Simpronius,New York,42.7295134,-76.3152098,NA,Sempronius,Cayuga County
Smith Town,New York,40.8559314,-73.2006687,NA,Smithtown,Suffolk County
Smithfield,New York,42.98079071688313,-75.69957733154297,NA,Amenia,Dutchess County
Smithtown,New York,40.8559314,-73.2006687,NA,Smithtown,Suffolk County
Smithville,New York,42.4233064,-75.7548654,NA,Smithville,Chenango County
Smyrna,New York,42.6872921,-75.5707376,NA,Smyrna,Chenango County
Sodus,New York,43.2378428,-77.0613618,NA,Sodus,Wayne County
Solon,New York,42.5970144,-76.0168688,NA,Solon,Cortland County
Somerstown,New York,41.300765657994674,-73.72444152832031,NA,NA,Westchester County
South East,New York,41.39741506646461,-73.59535217285156,NA,NA,NA
South Hampton,New York,40.89093668840454,-72.38410949707031,NA,Hampton,Washington County
South Hempstead,New York,40.6809354,-73.6154064,NA,Hempstead,Nassau County
South Hempsted,New York,40.6809354,-73.6154064,NA,Hempstead,Nassau County
South Hold,New York,41.0648222,-72.4261962,NA,Southold,Suffolk County
South Salem,New York,41.2728649,-73.5523849,NA,Lewisboro,Westchester County
South-East,New York,41.38299120166604,-73.60015869140625,NA,NA,NA
Southeast,New York,41.3917065,-73.6300729,NA,Southeast,Putnam County
Southeastown,New York,41.38299120166604,-73.6138916015625,NA,Pound Ridge,Westchester County
Southfield,New York,41.2446759,-74.1758519,NA,Tuxedo,Orange County
Southhold,New York,41.0648222,-72.4261962,NA,Southold,Suffolk County
Southold,New York,41.0648222,-72.4261962,NA,Southold,Suffolk County
Spafford,New York,42.804512,-76.2649296,NA,Spafford,Onondaga County
Sparta,New York,42.6054111,-77.6765184,NA,Sparta,Livingston County
Springfield,New York,42.836184,-74.8534838,NA,Springfield,Otsego County
Springport,New York,42.8477265,-76.675922,NA,Springport,Cayuga County
Stamford,New York,42.4073024,-74.614318,NA,NA,Delaware County
Standford,New York,41.9037411,-73.6771662,NA,Stanford,Dutchess County
Stanford,New York,41.9037411,-73.6771662,NA,Stanford,Dutchess County
Stephen,New York,42.551056983385934,-73.395538330078125,NA,NA,Queens County
Stephen Town,New York,42.5486929,-73.3739973,NA,Stephentown,Rensselaer County
Stephen-Town,New York,42.5486929,-73.3739973,NA,Stephentown,Rensselaer County
Stephenstown,New York,42.5486929,-73.3739973,NA,Stephentown,Rensselaer County
Stephentown,New York,42.5486929,-73.3739973,NA,Stephentown,Rensselaer County
Sterling,New York,43.3259005,-76.6449491,NA,Sterling,Cayuga County
Steuben,New York,43.3200694,-75.2829465,NA,Steuben,Oneida County
Stevenstown,New York,42.5486929,-73.3739973,NA,Stephentown,Rensselaer County
Steventown,New York,42.5486929,-73.3739973,NA,Stephentown,Rensselaer County
Still Water,New York,42.9384101,-73.6531731,NA,Stillwater,Saratoga County
Stillwater,New York,42.9384101,-73.6531731,NA,Stillwater,Saratoga County
Stockholm,New York,44.7563928,-74.8397652,NA,Stockholm,St. Lawrence County
Stratford,New York,43.1797921,-74.6968146,NA,Salisbury,Herkimer County
Suffrage,New York,42.57937729240967,-74.958343505859375,NA,NA,NA
Sullivan,New York,43.0545116,-75.8468569,NA,Sullivan,Madison County
Sweden,New York,43.1726909,-77.9510209,NA,Sweden,Monroe County
Tennessee,New York,42.03552434403621,-78.21441650390625,NA,NA,Cocke County
Thompson,New York,41.6543833,-74.663464,NA,Thompson,Sullivan County
Thurman,New York,43.5334001,-73.915959,NA,Thurman,Warren County
Ticonderoga,New York,43.8486707,-73.4234531,NA,Ticonderoga,Essex County
Tielly,New York,42.79741601927622,-76.11328125,NA,NA,Queens County
Tioga,New York,42.056903,-76.34791,NA,Tioga,Tioga County
Tolland,New York,42.0813879,-73.0118668,NA,NA,Hampden County
Tompkins,New York,42.4575747,-76.5488232,NA,NA,Tompkins County
Trenton,New York,43.228708,-75.2245693,NA,Trenton,Oneida County
Troupsburg,New York,42.0436813,-77.5460982,NA,Troupsburg,Steuben County
Troupsburgh,New York,42.0436813,-77.5460982,NA,Troupsburg,Steuben County
Truxton,New York,42.7120125,-76.0285349,NA,Truxton,Cortland County
Tully,New York,42.7981229,-76.1093695,NA,Tully,Onondaga County
Turin,New York,43.6272915,-75.4112896,NA,Turin,Lewis County
Turloch,New York,42.74701217318067,-74.5751953125,NA,NA,Durham Regional Municipality
Turnin,New York,43.6272915,-75.4112896,NA,Turin,Lewis County
Ulsysses,New York,42.5236928,-76.6181655,NA,Ulysses,Tompkins County
Ulysses,New York,42.5236928,-76.6181655,NA,Ulysses,Tompkins County
Unadilla,New York,42.3253586,-75.3123969,NA,Unadilla,Otsego County
Unandilla,New York,42.3253586,-75.3123969,NA,Unadilla,Otsego County
Unknown,New York,40.5089712,-74.2126853,NA,NA,Richmond County
UNKNOWN,New York,40.5089712,-74.2126853,NA,NA,Richmond County
Unknown Town,New York,40.5089712,-74.2126853,NA,NA,Richmond County
Unknown Town 1,New York,40.7127837,-74.0059413,NA,NA,NA
Unknown Town 2,New York,40.7127837,-74.0059413,NA,NA,NA
Unknown Town 3,New York,40.7127837,-74.0059413,NA,NA,NA
Unknown Town 4,New York,40.7127837,-74.0059413,NA,NA,NA
Unkown,New York,41.4102096,-73.6730611,NA,Carmel,Putnam County
Venice,New York,42.7106747,-76.5719414,NA,Venice,Cayuga County
Vernon,New York,43.0795135,-75.5393442,NA,Vernon,Oneida County
Verona,New York,43.1381455,-75.5706945,NA,Verona,Oneida County
Virgel,New York,42.5106272,-76.1943742,NA,Virgil,Cortland County
Virgil,New York,42.5106272,-76.1943742,NA,Virgil,Cortland County
Walkill,New York,41.6056492,-74.1840358,NA,Shawangunk,Ulster County
Wall Kill,New York,41.6056492,-74.1840358,NA,Shawangunk,Ulster County
Wallkill,New York,41.6056492,-74.1840358,NA,Shawangunk,Ulster County
Warren,New York,42.8472949,-74.9209865,NA,Warren,Herkimer County
Warrren,New York,42.8472949,-74.9209865,NA,Warren,Herkimer County
Warwarsink,New York,41.7588883,-74.3573343,NA,Wawarsing,Ulster County
Warwasing,New York,41.7588883,-74.3573343,NA,Wawarsing,Ulster County
Washingnton,New York,41.79358445913614,-73.66985321044922,NA,NA,Washington County
Washington,New York,41.789744876718984,-73.66058349609375,NA,NA,Washington County
Water Vliet,New York,42.7300783,-73.7012299,NA,NA,Albany County
Water-Vliet,New York,42.7300783,-73.7012299,NA,NA,Albany County
Waterford,New York,42.7925777,-73.6812293,NA,Waterford,Saratoga County
Watervliet,New York,42.7300783,-73.7012299,NA,NA,Albany County
Watvervliet,New York,42.7300783,-73.7012299,NA,NA,Albany County
Wawarsink,New York,41.7588883,-74.3573343,NA,Wawarsing,Ulster County
Wayne,New York,42.47918714391391,-77.12127685546875,NA,Union,Wayne County
Wells,New York,43.3959017,-74.2895826,NA,Wells,Hamilton County
Wesport,New York,44.1839413,-73.4356831,NA,Westport,Essex County
West Chester,New York,40.82809886666084,-73.84254455566405,NA,NA,NA
West-Chester,New York,40.83043687764923,-73.8446044921875,NA,NA,NA
Westchester,New York,40.83043687764923,-73.839111328125,NA,NA,Westchester County
Westerlo,New York,42.5150785,-74.0454099,NA,Westerlo,Albany County
Westerloo,New York,42.5150785,-74.0454099,NA,Westerlo,Albany County
Western,New York,43.3447295,-75.3878525,NA,Western,Oneida County
Westmoreland,New York,43.1162663,-75.4037358,NA,NA,Oneida County
Westport,New York,44.1839413,-73.4356831,NA,Westport,Essex County
Wheatland,New York,43.0134418,-77.8183052,NA,Wheatland,Monroe County
Wheeler,New York,42.4303485,-77.3324807,NA,Wheeler,Steuben County
Whites Town,New York,43.1381536,-75.329557,NA,Whitestown,Oneida County
Whitestown,New York,43.1381536,-75.329557,NA,Whitestown,Oneida County
Whitetown,New York,43.127405,-75.3240454,NA,Whitestown,Oneida County
Wilksborough,New York,44.35527821160296,-73.40789794921875,NA,NA,Lackawanna County
Wilksburgh,New York,44.35920579433503,-73.4161376953125,NA,NA,NA
Williamson,New York,43.2239229,-77.1861277,NA,Williamson,Wayne County
Williamstown,New York,43.4239588,-75.8899148,NA,Williamstown,Oswego County
Willink,New York,42.773164288664624,-78.62194061279295,NA,NA,Erie County
Willisborough,New York,44.3584693926257,-73.41339111328125,NA,NA,NA
Willsboro,New York,44.3579929,-73.3911945,NA,Willsboro,Essex County
Willsborough,New York,44.3579929,-73.3911945,NA,Willsboro,Essex County
Willsburough,New York,44.3579929,-73.3911945,NA,Willsboro,Essex County
Wilmington,New York,44.3886137,-73.8154356,NA,Wilmington,Essex County
Wilsborough,New York,44.36853274822797,-73.420257568359375,NA,NA,NA
Windham,New York,42.3073065,-74.2520875,NA,Windham,Greene County
Windsor,New York,42.0759128,-75.640462,NA,Windsor,Broome County
Winsborough,New York,44.357242035876375,-73.41339111328125,NA,Manlius,Onondaga County
Wolcott,New York,43.2206218,-76.8149578,NA,Wolcott,Wayne County
Woodstock,New York,42.0409247,-74.1181971,NA,Woodstock,Ulster County
Wookstock,New York,42.0409247,-74.1181971,NA,Woodstock,Ulster County
Wooster,New York,42.589488572714245,-74.7564697265625,NA,NA,New York County
Worcester,New York,42.591717,-74.7504996,NA,Worcester,Otsego County
York,New York,41.2628399501437,-73.80366325378418,NA,York,Livingston County
York Town,New York,41.263356094059326,-73.80340576171875,NA,York,Livingston County
Yorktown,New York,41.2625965,-73.8183804,NA,Yorktown,Westchester County
