id,town,county,state,ccd_id,lat,lon,me_town_id
nh.treasurer4.1796,Hollis,Hillsborough,New Hampshire,NA,42.7425166,-71.5895344,ME-NH0025
nh.statesenator6.1796,Dover,Strafford,New Hampshire,4215,43.1864894,-70.8836114,ME-NH0013
nh.statesenator6.1796,Rochester,Strafford,New Hampshire,4228,43.2984927,-70.9770055,ME-NH0037
nh.recorder1.1796,Atkinson,Rockingham,New Hampshire,NA,42.8384221,-71.1470037,ME-NH0003
nh.statesenator7.1796,Hanover,Grafton,New Hampshire,8399,43.70046,-72.2895,ME-NH0024
nh.statesenator1.1796,Portsmouth,Rockingham,New Hampshire,4227,43.0605947,-70.7803481,ME-NH0036
nh.statesenator1.1796,Rye,Rockingham,New Hampshire,NA,43.0019301,-70.7695547,ME-NH0038
nh.statesenator1.1796,Stratham,Rockingham,New Hampshire,NA,43.0228677,-70.9163873,ME-NH0042
nh.treasurer2.1796,Barnstead,Strafford,New Hampshire,NA,43.3389194,-71.2782381,ME-NH0004
nh.treasurer2.1796,Rochester,Strafford,New Hampshire,4228,43.2984927,-70.9770055,ME-NH0037
nh.recorder2.1796,Barnstead,Strafford,New Hampshire,NA,43.3389194,-71.2782381,ME-NH0004
nh.recorder2.1796,Rochester,Strafford,New Hampshire,4228,43.2984927,-70.9770055,ME-NH0037
nh.statesenator3.1796,Atkinson,Rockingham,New Hampshire,NA,42.8384221,-71.1470037,ME-NH0003
nh.statesenator3.1796,Chester,Rockingham,New Hampshire,NA,42.9567525,-71.2572846,ME-NH0009
nh.treasurer1.1796,Atkinson,Rockingham,New Hampshire,NA,42.8384221,-71.1470037,ME-NH0003
nh.treasurer1.1796,Chester,Rockingham,New Hampshire,NA,42.9567525,-71.2572846,ME-NH0009
nh.treasurer1.1796,Hampton,Rockingham,New Hampshire,8398,42.93548,-70.8396,ME-NH0022
nh.treasurer1.1796,Portsmouth,Rockingham,New Hampshire,4227,43.0605947,-70.7803481,ME-NH0036
nh.treasurer1.1796,Rye,Rockingham,New Hampshire,NA,43.0019301,-70.7695547,ME-NH0038
nh.treasurer1.1796,Stratham,Rockingham,New Hampshire,NA,43.0228677,-70.9163873,ME-NH0042
nh.statesenator8.1796,Hollis,Hillsborough,New Hampshire,NA,42.7425166,-71.5895344,ME-NH0025
nh.councillor8.1796,Hollis,Hillsborough,New Hampshire,NA,42.7425166,-71.5895344,ME-NH0025
nh.councillor1.1796,Atkinson,Rockingham,New Hampshire,NA,42.8384221,-71.1470037,ME-NH0003
nh.councillor1.1796,Chester,Rockingham,New Hampshire,NA,42.9567525,-71.2572846,ME-NH0009
nh.councillor1.1796,Concord,Rockingham,New Hampshire,4213,43.2324926,-71.5612523,ME-NH0011
nh.councillor1.1796,Hampton,Rockingham,New Hampshire,8398,42.93548,-70.8396,ME-NH0022
nh.councillor1.1796,Portsmouth,Rockingham,New Hampshire,4227,43.0605947,-70.7803481,ME-NH0036
nh.councillor1.1796,Rye,Rockingham,New Hampshire,NA,43.0019301,-70.7695547,ME-NH0038
nh.councillor1.1796,Stratham,Rockingham,New Hampshire,NA,43.0228677,-70.9163873,ME-NH0042
nh.treasurer3.1796,Hanover,Grafton,New Hampshire,8399,43.70046,-72.2895,ME-NH0024
nh.register1.1796,Hanover,Grafton,New Hampshire,8399,43.70046,-72.2895,ME-NH0024
nh.statesenator4.1796,Concord,Rockingham,New Hampshire,4213,43.2324926,-71.5612523,ME-NH0011
nh.councillor7.1796,Hanover,Grafton,New Hampshire,8399,43.70046,-72.2895,ME-NH0024
nh.councillor5.1796,Barnstead,Strafford,New Hampshire,NA,43.3389194,-71.2782381,ME-NH0004
nh.councillor5.1796,Dover,Strafford,New Hampshire,4215,43.1864894,-70.8836114,ME-NH0013
nh.councillor5.1796,Rochester,Strafford,New Hampshire,4228,43.2984927,-70.9770055,ME-NH0037
nh.treasurer5.1796,Keene,Cheshire,New Hampshire,4218,42.9534961,-72.3068771,ME-NH0026
nh.statesenator9.1796,Keene,Cheshire,New Hampshire,4218,42.9534961,-72.3068771,ME-NH0026
nh.statesenator2.1796,Barnstead,Strafford,New Hampshire,NA,43.3389194,-71.2782381,ME-NH0004
nh.councillor9.1796,Keene,Cheshire,New Hampshire,4218,42.9534961,-72.3068771,ME-NH0026
nh.register2.1796,Keene,Cheshire,New Hampshire,4218,42.9534961,-72.3068771,ME-NH0026
nh.governor.1796,Keene,Cheshire,New Hampshire,4218,42.9534961,-72.3068771,ME-NH0026
nh.governor.1796,Hanover,Grafton,New Hampshire,8399,43.70046,-72.2895,ME-NH0024
nh.governor.1796,Hollis,Hillsborough,New Hampshire,NA,42.7425166,-71.5895344,ME-NH0025
nh.governor.1796,Atkinson,Rockingham,New Hampshire,NA,42.8384221,-71.1470037,ME-NH0003
nh.governor.1796,Chester,Rockingham,New Hampshire,NA,42.9567525,-71.2572846,ME-NH0009
nh.governor.1796,Concord,Rockingham,New Hampshire,4213,43.2324926,-71.5612523,ME-NH0011
nh.governor.1796,Hampton,Rockingham,New Hampshire,8398,42.93548,-70.8396,ME-NH0022
nh.governor.1796,Portsmouth,Rockingham,New Hampshire,4227,43.0605947,-70.7803481,ME-NH0036
nh.governor.1796,Rye,Rockingham,New Hampshire,NA,43.0019301,-70.7695547,ME-NH0038
nh.governor.1796,Stratham,Rockingham,New Hampshire,NA,43.0228677,-70.9163873,ME-NH0042
nh.governor.1796,Barnstead,Strafford,New Hampshire,NA,43.3389194,-71.2782381,ME-NH0004
nh.governor.1796,Dover,Strafford,New Hampshire,4215,43.1864894,-70.8836114,ME-NH0013
nh.governor.1796,Rochester,Strafford,New Hampshire,4228,43.2984927,-70.9770055,ME-NH0037
nh.statesenator1.1795,Alstead,Cheshire,New Hampshire,NA,43.149481,-72.3614201,ME-NH0001
nh.statesenator1.1795,Walpole,Cheshire,New Hampshire,NA,43.0794944,-72.4258229,ME-NH0044
nh.register1.1795,Alstead,Cheshire,New Hampshire,NA,43.149481,-72.3614201,ME-NH0001
nh.register1.1795,Walpole,Cheshire,New Hampshire,NA,43.0794944,-72.4258229,ME-NH0044
nh.state.senator5.1795,Concord,Merrimack,New Hampshire,4213,43.2324926,-71.5612523,ME-NH0011
nh.countytreasurer4.1795,Hanover,Grafton,New Hampshire,8399,43.70046,-72.2895,ME-NH0024
nh.countytreasurer1.1795,Alstead,Cheshire,New Hampshire,NA,43.149481,-72.3614201,ME-NH0001
nh.countytreasurer1.1795,Walpole,Cheshire,New Hampshire,NA,43.0794944,-72.4258229,ME-NH0044
nh.statesenator6.1795,Chichester,Rockingham,New Hampshire,NA,43.2492477,-71.3997909,ME-NH0010
nh.statesenator6.1795,Pittsfield,Rockingham,New Hampshire,NA,43.3058983,-71.3242331,ME-NH0035
nh.countytreasurer2.1795,Amherst,Hillsborough,New Hampshire,8394,42.86193,-71.62402,ME-NH0002
nh.councillor4.1795,Bridgewater,Grafton,New Hampshire,NA,43.6384067,-71.7364678,ME-NH0008
nh.councillor4.1795,Hanover,Grafton,New Hampshire,8399,43.70046,-72.2895,ME-NH0024
nh.register6.1795,Hanover,Grafton,New Hampshire,8399,43.70046,-72.2895,ME-NH0024
nh.councillor3.1795,Brentwood,Rockingham,New Hampshire,NA,42.9780248,-71.0735503,ME-NH0007
nh.councillor3.1795,Chichester,Rockingham,New Hampshire,NA,43.2492477,-71.3997909,ME-NH0010
nh.councillor3.1795,Concord,Rockingham,New Hampshire,4213,43.2324926,-71.5612523,ME-NH0011
nh.councillor3.1795,Epping,Rockingham,New Hampshire,NA,43.0534843,-71.0735476,ME-NH0016
nh.councillor3.1795,Exeter,Rockingham,New Hampshire,4216,42.977138,-70.95235,ME-NH0018
nh.councillor3.1795,Pittsfield,Rockingham,New Hampshire,NA,43.3058983,-71.3242331,ME-NH0035
nh.councillor3.1795,Stratham,Rockingham,New Hampshire,NA,43.0228677,-70.9163873,ME-NH0042
nh.governor.1795,Alstead,Cheshire,New Hampshire,NA,43.149481,-72.3614201,ME-NH0001
nh.governor.1795,Walpole,Cheshire,New Hampshire,NA,43.0794944,-72.4258229,ME-NH0044
nh.governor.1795,Bridgewater,Grafton,New Hampshire,NA,43.6384067,-71.7364678,ME-NH0008
nh.governor.1795,Hanover,Grafton,New Hampshire,8399,43.70046,-72.2895,ME-NH0024
nh.governor.1795,Amherst,Hillsborough,New Hampshire,8394,42.86193,-71.62402,ME-NH0002
nh.governor.1795,Dunbarton,Hillsborough,New Hampshire,NA,43.1025818,-71.6164615,ME-NH0014
nh.governor.1795,Brentwood,Rockingham,New Hampshire,NA,42.9780248,-71.0735503,ME-NH0007
nh.governor.1795,Chichester,Rockingham,New Hampshire,NA,43.2492477,-71.3997909,ME-NH0010
nh.governor.1795,Concord,Rockingham,New Hampshire,4213,43.2324926,-71.5612523,ME-NH0011
nh.governor.1795,Epping,Rockingham,New Hampshire,NA,43.0534843,-71.0735476,ME-NH0016
nh.governor.1795,Exeter,Rockingham,New Hampshire,4216,42.977138,-70.95235,ME-NH0018
nh.governor.1795,Pittsfield,Rockingham,New Hampshire,NA,43.3058983,-71.3242331,ME-NH0035
nh.governor.1795,Stratham,Rockingham,New Hampshire,NA,43.0228677,-70.9163873,ME-NH0042
nh.countytreasurer3.1795,Brentwood,Rockingham,New Hampshire,NA,42.9780248,-71.0735503,ME-NH0007
nh.countytreasurer3.1795,Chichester,Rockingham,New Hampshire,NA,43.2492477,-71.3997909,ME-NH0010
nh.countytreasurer3.1795,Epping,Rockingham,New Hampshire,NA,43.0534843,-71.0735476,ME-NH0016
nh.countytreasurer3.1795,Exeter,Rockingham,New Hampshire,4216,42.977138,-70.95235,ME-NH0018
nh.countytreasurer3.1795,Stratham,Rockingham,New Hampshire,NA,43.0228677,-70.9163873,ME-NH0042
nh.register4.1795,Brentwood,Rockingham,New Hampshire,NA,42.9780248,-71.0735503,ME-NH0007
nh.register4.1795,Concord,Rockingham,New Hampshire,4213,43.2324926,-71.5612523,ME-NH0011
nh.register4.1795,Chichester,Rockingham,New Hampshire,NA,43.2492477,-71.3997909,ME-NH0010
nh.register4.1795,Epping,Rockingham,New Hampshire,NA,43.0534843,-71.0735476,ME-NH0016
nh.register4.1795,Exeter,Rockingham,New Hampshire,4216,42.977138,-70.95235,ME-NH0018
nh.statesenator2.1795,Amherst,Hillsborough,New Hampshire,8394,42.86193,-71.62402,ME-NH0002
nh.statesenator2.1795,Dunbarton,Hillsborough,New Hampshire,NA,43.1025818,-71.6164615,ME-NH0014
nh.councillor2.1795,Amherst,Hillsborough,New Hampshire,8394,42.86193,-71.62402,ME-NH0002
nh.councillor2.1795,Dunbarton,Hillsborough,New Hampshire,NA,43.1025818,-71.6164615,ME-NH0014
nh.statesenator3.1795,Brentwood,Rockingham,New Hampshire,NA,42.9780248,-71.0735503,ME-NH0007
nh.statesenator3.1795,Epping,Rockingham,New Hampshire,NA,43.0534843,-71.0735476,ME-NH0016
nh.statesenator3.1795,Exeter,Rockingham,New Hampshire,4216,42.977138,-70.95235,ME-NH0018
nh.statesenator4.1795,Bridgewater,Grafton,New Hampshire,NA,43.6384067,-71.7364678,ME-NH0008
nh.statesenator4.1795,Hanover,Grafton,New Hampshire,8399,43.70046,-72.2895,ME-NH0024
nh.statesenator7.1795,Greenland,Rockingham,New Hampshire,NA,43.0361995,-70.8328322,ME-NH0021
nh.statesenator7.1795,Hampton,Rockingham,New Hampshire,8398,42.93548,-70.8396,ME-NH0022
nh.statesenator7.1795,Hampton Falls,Rockingham,New Hampshire,NA,42.9162234,-70.863811,ME-NH0023
nh.statesenator7.1795,New Castle,Rockingham,New Hampshire,NA,43.0724613,-70.7160762,ME-NH0030
nh.statesenator7.1795,Newington,Rockingham,New Hampshire,NA,43.1000871,-70.8336668,ME-NH0033
nh.statesenator7.1795,North Hampton,Rockingham,New Hampshire,NA,42.9737623,-70.8351792,ME-NH0034
nh.statesenator7.1795,Portsmouth,Rockingham,New Hampshire,4227,43.0605947,-70.7803481,ME-NH0036
nh.statesenator7.1795,Rye,Rockingham,New Hampshire,NA,43.0019301,-70.7695547,ME-NH0038
nh.statesenator7.1795,Seabrook,Rockingham,New Hampshire,NA,42.8909615,-70.8655074,ME-NH0040
nh.statesenator7.1795,Stratham,Rockingham,New Hampshire,NA,43.0228677,-70.9163873,ME-NH0042
nh.register2.1795,Amherst,Hillsborough,New Hampshire,8394,42.86193,-71.62402,ME-NH0002
nh.councillor1.1795,Alstead,Cheshire,New Hampshire,NA,43.149481,-72.3614201,ME-NH0001
nh.councillor1.1795,Walpole,Cheshire,New Hampshire,NA,43.0794944,-72.4258229,ME-NH0044
nh.councillor.concord.1793,Concord,Rockingham,New Hampshire,4213,43.2324926,-71.5612523,ME-NH0011
nh.assembly.portsmouth.1793,Portsmouth,Rockingham,New Hampshire,4227,43.0605947,-70.7803481,ME-NH0036
nh.statesenate.portsmouth.1793,Portsmouth,Rockingham,New Hampshire,4227,43.0605947,-70.7803481,ME-NH0036
nh.governor.1793,Boscawen,Hillsborough,New Hampshire,NA,43.3243931,-71.636864,ME-NH0006
nh.governor.1793,Warner,Hillsborough,New Hampshire,NA,43.2556568,-71.8334145,ME-NH0045
nh.governor.1793,Concord,Rockingham,New Hampshire,4213,43.2324926,-71.5612523,ME-NH0011
nh.governor.1793,Portsmouth,Rockingham,New Hampshire,4227,43.0605947,-70.7803481,ME-NH0036
nh.statesenate8.1793,Boscawen,Hillsborough,New Hampshire,NA,43.3243931,-71.636864,ME-NH0006
nh.statesenate8.1793,Warner,Hillsborough,New Hampshire,NA,43.2556568,-71.8334145,ME-NH0045
nh.statesenate8.1793,Concord,Hillsborough,New Hampshire,4213,43.2324926,-71.5612523,ME-NH0011
nh.councillor.portsmouth.1793,Portsmouth,Rockingham,New Hampshire,4227,43.0605947,-70.7803481,ME-NH0036
nh.councillor.boscawen.1793,Boscawen,Hillsborough,New Hampshire,NA,43.3243931,-71.636864,ME-NH0006
nh.councillor.warner.1793,Warner,Hillsborough,New Hampshire,NA,43.2556568,-71.8334145,ME-NH0045
nh.councillor1.1802,Dover,Strafford,New Hampshire,4215,43.1864894,-70.8836114,ME-NH0013
nh.treasurer1.1802,Portsmouth,Rockingham,New Hampshire,4227,43.0605947,-70.7803481,ME-NH0036
nh.councillor3.1802,Walpole,Cheshire,New Hampshire,NA,43.0794944,-72.4258229,ME-NH0044
nh.recorder2.1802,Portsmouth,Rockingham,New Hampshire,4227,43.0605947,-70.7803481,ME-NH0036
nh.recorder1.1802,Dover,Strafford,New Hampshire,4215,43.1864894,-70.8836114,ME-NH0013
nh.recorder1.1802,Wakefield,Strafford,New Hampshire,NA,43.5536938,-71.0288751,ME-NH0043
nh.statesenator4.1802,Walpole,Cheshire,New Hampshire,NA,43.0794944,-72.4258229,ME-NH0044
nh.statesenator3.1802,Wakefield,Strafford,New Hampshire,NA,43.5536938,-71.0288751,ME-NH0043
nh.statesenator1.1802,Dover,Strafford,New Hampshire,4215,43.1864894,-70.8836114,ME-NH0013
nh.recorder3.1802,Walpole,Cheshire,New Hampshire,NA,43.0794944,-72.4258229,ME-NH0044
nh.statesenator2.1802,Portsmouth,Rockingham,New Hampshire,4227,43.0605947,-70.7803481,ME-NH0036
nh.treasurer2.1802,Wakefield,Strafford,New Hampshire,NA,43.5536938,-71.0288751,ME-NH0043
nh.governor.1802,Walpole,Cheshire,New Hampshire,NA,43.0794944,-72.4258229,ME-NH0044
nh.governor.1802,Portsmouth,Rockingham,New Hampshire,4227,43.0605947,-70.7803481,ME-NH0036
nh.governor.1802,Dover,Stafford,New Hampshire,4215,43.1864894,-70.8836114,ME-NH0013
nh.governor.1802,Wakefield,Stafford,New Hampshire,NA,43.5536938,-71.0288751,ME-NH0043
nh.councillor2.1802,Portsmouth,Rockingham,New Hampshire,4227,43.0605947,-70.7803481,ME-NH0036
nh.treasurer3.1802,Walpole,Cheshire,New Hampshire,NA,43.0794944,-72.4258229,ME-NH0044
nh.senator7.1797,North Hampton,Rockingham,New Hampshire,NA,42.9737623,-70.8351792,ME-NH0034
nh.senator7.1797,Portsmouth,Rockingham,New Hampshire,4227,43.0605947,-70.7803481,ME-NH0036
nh.councillor6.1797,Keene,Cheshire,New Hampshire,4218,42.9534961,-72.3068771,ME-NH0026
nh.councillor5.1797,Hanover,Grafton,New Hampshire,8399,43.70046,-72.2895,ME-NH0024
nh.register2.1797,Concord,Rockingham,New Hampshire,4213,43.2324926,-71.5612523,ME-NH0011
nh.register2.1797,Portsmouth,Rockingham,New Hampshire,4227,43.0605947,-70.7803481,ME-NH0036
nh.register2.1797,Rye,Rockingham,New Hampshire,NA,43.0019301,-70.7695547,ME-NH0038
nh.treasurer4.1797,Portsmouth,Rockingham,New Hampshire,4227,43.0605947,-70.7803481,ME-NH0036
nh.treasurer4.1797,Rye,Rockingham,New Hampshire,NA,43.0019301,-70.7695547,ME-NH0038
nh.senator2.1797,Concord,Rockingham,New Hampshire,4213,43.2324926,-71.5612523,ME-NH0011
nh.register1.1797,Amherst,Hillsborough,New Hampshire,8394,42.86193,-71.62402,ME-NH0002
nh.councillor1.1797,Amherst,Hillsborough,New Hampshire,8394,42.86193,-71.62402,ME-NH0002
nh.senator1.1797,Amherst,Hillsborough,New Hampshire,8394,42.86193,-71.62402,ME-NH0002
nh.recorder2.1797,Keene,Cheshire,New Hampshire,4218,42.9534961,-72.3068771,ME-NH0026
nh.governor.1797,Keene,Cheshire,New Hampshire,4218,42.9534961,-72.3068771,ME-NH0026
nh.governor.1797,Hanover,Grafton,New Hampshire,8399,43.70046,-72.2895,ME-NH0024
nh.governor.1797,Amherst,Hillsborough,New Hampshire,8394,42.86193,-71.62402,ME-NH0002
nh.governor.1797,Concord,Rockingham,New Hampshire,4213,43.2324926,-71.5612523,ME-NH0011
nh.governor.1797,North Hampton,Rockingham,New Hampshire,NA,42.9737623,-70.8351792,ME-NH0034
nh.governor.1797,Portsmouth,Rockingham,New Hampshire,4227,43.0605947,-70.7803481,ME-NH0036
nh.governor.1797,Rye,Rockingham,New Hampshire,NA,43.0019301,-70.7695547,ME-NH0038
nh.governor.1797,Dover,Strafford,New Hampshire,4215,43.1864894,-70.8836114,ME-NH0013
nh.governor.1797,Gilmanton,Strafford,New Hampshire,NA,43.4248816,-71.4138418,ME-NH0020
nh.treasurer3.1797,Keene,Cheshire,New Hampshire,4218,42.9534961,-72.3068771,ME-NH0026
nh.senator3.1797,Dover,Strafford,New Hampshire,4215,43.1864894,-70.8836114,ME-NH0013
nh.senator5.1797,Hanover,Grafton,New Hampshire,8399,43.70046,-72.2895,ME-NH0024
nh.treasurer2.1797,Dover,Strafford,New Hampshire,4215,43.1864894,-70.8836114,ME-NH0013
nh.senator4.1797,Gilmanton,Strafford,New Hampshire,NA,43.4248816,-71.4138418,ME-NH0020
nh.senator6.1797,Keene,Cheshire,New Hampshire,4218,42.9534961,-72.3068771,ME-NH0026
nh.councillor7.1797,Concord,Rockingham,New Hampshire,4213,43.2324926,-71.5612523,ME-NH0011
nh.councillor7.1797,North Hampton,Rockingham,New Hampshire,NA,42.9737623,-70.8351792,ME-NH0034
nh.councillor7.1797,Portsmouth,Rockingham,New Hampshire,4227,43.0605947,-70.7803481,ME-NH0036
nh.councillor7.1797,Rye,Rockingham,New Hampshire,NA,43.0019301,-70.7695547,ME-NH0038
nh.treasurer1.1797,Amherst,Hillsborough,New Hampshire,8394,42.86193,-71.62402,ME-NH0002
nh.councillor3.1797,Dover,Strafford,New Hampshire,4215,43.1864894,-70.8836114,ME-NH0013
nh.councillor3.1797,Gilmanton,Strafford,New Hampshire,NA,43.4248816,-71.4138418,ME-NH0020
nh.recorder1.1797,Dover,Strafford,New Hampshire,4215,43.1864894,-70.8836114,ME-NH0013
nh.senator1.1798,Dover,Strafford,New Hampshire,4215,43.1864894,-70.8836114,ME-NH0013
nh.senator1.1798,Durham,Strafford,New Hampshire,8396,43.13424,-70.92481,ME-NH0015
nh.senator1.1798,Rochester,Strafford,New Hampshire,4228,43.2984927,-70.9770055,ME-NH0037
nh.governor.1798,Keene,Cheshire,New Hampshire,4218,42.9534961,-72.3068771,ME-NH0026
nh.governor.1798,Concord,Rockingham,New Hampshire,4213,43.2324926,-71.5612523,ME-NH0011
nh.governor.1798,Exeter,Rockingham,New Hampshire,4216,42.977138,-70.95235,ME-NH0018
nh.governor.1798,Kensington,Rockingham,New Hampshire,NA,42.9270334,-70.9439447,ME-NH0027
nh.governor.1798,Portsmouth,Rockingham,New Hampshire,4227,43.0605947,-70.7803481,ME-NH0036
nh.governor.1798,Rye,Rockingham,New Hampshire,NA,43.0019301,-70.7695547,ME-NH0038
nh.governor.1798,Dover,Strafford,New Hampshire,4215,43.1864894,-70.8836114,ME-NH0013
nh.governor.1798,Durham,Strafford,New Hampshire,8396,43.13424,-70.92481,ME-NH0015
nh.governor.1798,Rochester,Strafford,New Hampshire,4228,43.2984927,-70.9770055,ME-NH0037
nh.treasurer2.1798,Exeter,Rockingham,New Hampshire,4216,42.977138,-70.95235,ME-NH0018
nh.treasurer2.1798,Kensington,Rockingham,New Hampshire,NA,42.9270334,-70.9439447,ME-NH0027
nh.treasurer2.1798,Portsmouth,Rockingham,New Hampshire,4227,43.0605947,-70.7803481,ME-NH0036
nh.treasurer2.1798,Rye,Rockingham,New Hampshire,NA,43.0019301,-70.7695547,ME-NH0038
nh.councillor1.1798,Dover,Strafford,New Hampshire,4215,43.1864894,-70.8836114,ME-NH0013
nh.councillor1.1798,Durham,Strafford,New Hampshire,8396,43.13424,-70.92481,ME-NH0015
nh.councillor1.1798,Rochester,Strafford,New Hampshire,4228,43.2984927,-70.9770055,ME-NH0037
nh.recorder3.1798,Concord,Rockingham,New Hampshire,4213,43.2324926,-71.5612523,ME-NH0011
nh.recorder3.1798,Exeter,Rockingham,New Hampshire,4216,42.977138,-70.95235,ME-NH0018
nh.recorder3.1798,Kensington,Rockingham,New Hampshire,NA,42.9270334,-70.9439447,ME-NH0027
nh.recorder3.1798,Portsmouth,Rockingham,New Hampshire,4227,43.0605947,-70.7803481,ME-NH0036
nh.recorder3.1798,Rye,Rockingham,New Hampshire,NA,43.0019301,-70.7695547,ME-NH0038
nh.councillor4.1798,Keene,Cheshire,New Hampshire,4218,42.9534961,-72.3068771,ME-NH0026
nh.recorder1.1798,Dover,Strafford,New Hampshire,4215,43.1864894,-70.8836114,ME-NH0013
nh.recorder1.1798,Durham,Strafford,New Hampshire,8396,43.13424,-70.92481,ME-NH0015
nh.recorder1.1798,Rochester,Strafford,New Hampshire,4228,43.2984927,-70.9770055,ME-NH0037
nh.senator2.1798,Concord,Rockingham,New Hampshire,4213,43.2324926,-71.5612523,ME-NH0011
nh.treasurer1.1798,Dover,Strafford,New Hampshire,4215,43.1864894,-70.8836114,ME-NH0013
nh.treasurer1.1798,Durham,Strafford,New Hampshire,8396,43.13424,-70.92481,ME-NH0015
nh.treasurer1.1798,Rochester,Strafford,New Hampshire,4228,43.2984927,-70.9770055,ME-NH0037
nh.senator3.1798,Exeter,Rockingham,New Hampshire,4216,42.977138,-70.95235,ME-NH0018
nh.senator3.1798,Kensington,Rockingham,New Hampshire,NA,42.9270334,-70.9439447,ME-NH0027
nh.councillor3.1798,Concord,Rockingham,New Hampshire,4213,43.2324926,-71.5612523,ME-NH0011
nh.councillor3.1798,Exeter,Rockingham,New Hampshire,4216,42.977138,-70.95235,ME-NH0018
nh.councillor3.1798,Kensington,Rockingham,New Hampshire,NA,42.9270334,-70.9439447,ME-NH0027
nh.councillor3.1798,Portsmouth,Rockingham,New Hampshire,4227,43.0605947,-70.7803481,ME-NH0036
nh.councillor3.1798,Rye,Rockingham,New Hampshire,NA,43.0019301,-70.7695547,ME-NH0038
nh.senator5.1798,Portsmouth,Rockingham,New Hampshire,4227,43.0605947,-70.7803481,ME-NH0036
nh.senator5.1798,Rye,Rockingham,New Hampshire,NA,43.0019301,-70.7695547,ME-NH0038
nh.recorder4.1798,Keene,Cheshire,New Hampshire,4218,42.9534961,-72.3068771,ME-NH0026
nh.treasurer3.1798,Keene,Cheshire,New Hampshire,4218,42.9534961,-72.3068771,ME-NH0026
nh.senator4.1798,Keene,Cheshire,New Hampshire,4218,42.9534961,-72.3068771,ME-NH0026
nh.statesenate.rockingham.1790,Exeter,Rockingham,New Hampshire,4216,42.977138,-70.95235,ME-NH0018
nh.governor.1790,Exeter,Rockingham,New Hampshire,4216,42.977138,-70.95235,ME-NH0018
nh.treasurer1.1799,Dover,Strafford,New Hampshire,4215,43.1864894,-70.8836114,ME-NH0013
nh.treasurer1.1799,Farmington,Strafford,New Hampshire,NA,43.3897609,-71.065062,ME-NH0019
nh.treasurer1.1799,Rochester,Strafford,New Hampshire,4228,43.2984927,-70.9770055,ME-NH0037
nh.treasurer1.1799,Somersworth,Strafford,New Hampshire,4229,43.2534762,-70.8879437,ME-NH0041
nh.treasurer1.1799,Sandwich,Strafford,New Hampshire,NA,43.7908703,-71.4104696,ME-NH0039
nh.councillor1.1799,Concord,Rockingham,New Hampshire,4213,43.2324926,-71.5612523,ME-NH0011
nh.councillor1.1799,Exeter,Rockingham,New Hampshire,4216,42.977138,-70.95235,ME-NH0018
nh.councillor1.1799,Portsmouth,Rockingham,New Hampshire,4227,43.0605947,-70.7803481,ME-NH0036
nh.governor.1799,Concord,Rockingham,New Hampshire,4213,43.2324926,-71.5612523,ME-NH0011
nh.governor.1799,Exeter,Rockingham,New Hampshire,4216,42.977138,-70.95235,ME-NH0018
nh.governor.1799,Portsmouth,Rockingham,New Hampshire,4227,43.0605947,-70.7803481,ME-NH0036
nh.governor.1799,Dover,Strafford,New Hampshire,4215,43.1864894,-70.8836114,ME-NH0013
nh.governor.1799,Farmington,Strafford,New Hampshire,NA,43.3897609,-71.065062,ME-NH0019
nh.governor.1799,Rochester,Strafford,New Hampshire,4228,43.2984927,-70.9770055,ME-NH0037
nh.governor.1799,Sandwich,Strafford,New Hampshire,NA,43.7908703,-71.4104696,ME-NH0039
nh.governor.1799,Somersworth,Strafford,New Hampshire,4229,43.2534762,-70.8879437,ME-NH0041
nh.senator4.1799,Exeter,Rockingham,New Hampshire,4216,42.977138,-70.95235,ME-NH0018
nh.assembly.1799,Portsmouth,Rockingham,New Hampshire,4227,43.0605947,-70.7803481,ME-NH0036
nh.recorder1.1799,Concord,Rockingham,New Hampshire,4213,43.2324926,-71.5612523,ME-NH0011
nh.recorder1.1799,Exeter,Rockingham,New Hampshire,4216,42.977138,-70.95235,ME-NH0018
nh.senator1.1799,Concord,Rockingham,New Hampshire,4213,43.2324926,-71.5612523,ME-NH0011
nh.councillor2.1799,Dover,Strafford,New Hampshire,4215,43.1864894,-70.8836114,ME-NH0013
nh.councillor2.1799,Farmington,Strafford,New Hampshire,NA,43.3897609,-71.065062,ME-NH0019
nh.councillor2.1799,Rochester,Strafford,New Hampshire,4228,43.2984927,-70.9770055,ME-NH0037
nh.councillor2.1799,Sandwich,Strafford,New Hampshire,NA,43.7908703,-71.4104696,ME-NH0039
nh.councillor2.1799,Somersworth,Strafford,New Hampshire,4229,43.2534762,-70.8879437,ME-NH0041
nh.treasurer2.1799,Exeter,Rockingham,New Hampshire,4216,42.977138,-70.95235,ME-NH0018
nh.senator2.1799,Dover,Strafford,New Hampshire,4215,43.1864894,-70.8836114,ME-NH0013
nh.senator2.1799,Farmington,Strafford,New Hampshire,NA,43.3897609,-71.065062,ME-NH0019
nh.senator2.1799,Rochester,Strafford,New Hampshire,4228,43.2984927,-70.9770055,ME-NH0037
nh.senator2.1799,Somersworth,Strafford,New Hampshire,4229,43.2534762,-70.8879437,ME-NH0041
nh.recorder2.1799,Dover,Strafford,New Hampshire,4215,43.1864894,-70.8836114,ME-NH0013
nh.recorder2.1799,Farmington,Strafford,New Hampshire,NA,43.3897609,-71.065062,ME-NH0019
nh.recorder2.1799,Rochester,Strafford,New Hampshire,4228,43.2984927,-70.9770055,ME-NH0037
nh.recorder2.1799,Sandwich,Strafford,New Hampshire,NA,43.7908703,-71.4104696,ME-NH0039
nh.recorder2.1799,Somersworth,Strafford,New Hampshire,4229,43.2534762,-70.8879437,ME-NH0041
nh.senator5.1799,Sandwich,Strafford,New Hampshire,NA,43.7908703,-71.4104696,ME-NH0039
nh.senator3.1799,Portsmouth,Rockingham,New Hampshire,4227,43.0605947,-70.7803481,ME-NH0036
nh.councillor2.1794,Rochester,Strafford,New Hampshire,4228,43.2984927,-70.9770055,ME-NH0037
nh.countytreasurer2.1794,Rochester,Strafford,New Hampshire,4228,43.2984927,-70.9770055,ME-NH0037
nh.statesenate1.1794,Brentwood,Rockingham,New Hampshire,NA,42.9780248,-71.0735503,ME-NH0007
nh.statesenate1.1794,Epping,Rockingham,New Hampshire,NA,43.0534843,-71.0735476,ME-NH0016
nh.statesenate1.1794,Exeter,Rockingham,New Hampshire,4216,42.977138,-70.95235,ME-NH0018
nh.statesenate1.1794,Kensington,Rockingham,New Hampshire,NA,42.9270334,-70.9439447,ME-NH0027
nh.statesenate1.1794,New Market,Rockingham,New Hampshire,NA,43.0828551,-70.9350382,ME-NH0031
nh.statesenate1.1794,Portsmouth,Rockingham,New Hampshire,4227,43.0605947,-70.7803481,ME-NH0036
nh.statesenate1.1794,Stratham,Rockingham,New Hampshire,NA,43.0228677,-70.9163873,ME-NH0042
nh.statesenate5.1794,Barrington,Strafford,New Hampshire,NA,43.2228599,-71.0470077,ME-NH0005
nh.statesenate5.1794,Dover,Strafford,New Hampshire,4215,43.1864894,-70.8836114,ME-NH0013
nh.statesenate5.1794,Durham,Strafford,New Hampshire,8396,43.13424,-70.92481,ME-NH0015
nh.statesenate5.1794,Lee,Strafford,New Hampshire,NA,43.122244,-71.0120127,ME-NH0028
nh.statesenate5.1794,Madbury,Strafford,New Hampshire,NA,43.1692512,-70.9239484,ME-NH0029
nh.statesenate5.1794,New-Durham,Strafford,New Hampshire,NA,43.4367466,-71.1722886,ME-NH0032
nh.statesenate5.1794,Rochester,Strafford,New Hampshire,4228,43.2984927,-70.9770055,ME-NH0037
nh.statesenate5.1794,Somersworth,Strafford,New Hampshire,4229,43.2534762,-70.8879437,ME-NH0041
nh.statesenate8.1794,Concord,Rockingham,New Hampshire,4213,43.2324926,-71.5612523,ME-NH0011
nh.recorder.rochester.1794,Rochester,Strafford,New Hampshire,4228,43.2984927,-70.9770055,ME-NH0037
nh.councillor3.1794,Alstead,Cheshire,New Hampshire,NA,43.149481,-72.3614201,ME-NH0001
nh.councillor3.1794,Walpole,Cheshire,New Hampshire,NA,43.0794944,-72.4258229,ME-NH0044
nh.councillor3.1794,Washington,Cheshire,New Hampshire,NA,43.1759107,-72.0967507,ME-NH0046
nh.statesenate11.1794,Alstead,Cheshire,New Hampshire,NA,43.149481,-72.3614201,ME-NH0001
nh.statesenate11.1794,Walpole,Cheshire,New Hampshire,NA,43.0794944,-72.4258229,ME-NH0044
nh.statesenate11.1794,Washington,Cheshire,New Hampshire,NA,43.1759107,-72.0967507,ME-NH0046
nh.governor.1794,Alstead,Cheshire,New Hampshire,NA,43.149481,-72.3614201,ME-NH0001
nh.governor.1794,Walpole,Cheshire,New Hampshire,NA,43.0794944,-72.4258229,ME-NH0044
nh.governor.1794,Washington,Cheshire,New Hampshire,NA,43.1759107,-72.0967507,ME-NH0046
nh.governor.1794,Brentwood,Rockingham,New Hampshire,NA,42.9780248,-71.0735503,ME-NH0007
nh.governor.1794,Concord,Rockingham,New Hampshire,4213,43.2324926,-71.5612523,ME-NH0011
nh.governor.1794,Deerfield,Rockingham,New Hampshire,NA,43.146194,-71.2164524,ME-NH0012
nh.governor.1794,Epping,Rockingham,New Hampshire,NA,43.0534843,-71.0735476,ME-NH0016
nh.governor.1794,Epsom,Rockingham,New Hampshire,NA,43.2249396,-71.3445677,ME-NH0017
nh.governor.1794,Exeter,Rockingham,New Hampshire,4216,42.977138,-70.95235,ME-NH0018
nh.governor.1794,Kensington,Rockingham,New Hampshire,NA,42.9270334,-70.9439447,ME-NH0027
nh.governor.1794,New Market,Rockingham,New Hampshire,NA,43.0828551,-70.9350382,ME-NH0031
nh.governor.1794,Portsmouth,Rockingham,New Hampshire,4227,43.0605947,-70.7803481,ME-NH0036
nh.governor.1794,Stratham,Rockingham,New Hampshire,NA,43.0228677,-70.9163873,ME-NH0042
nh.governor.1794,Rochester,Strafford,New Hampshire,4228,43.2984927,-70.9770055,ME-NH0037
nh.countytreasurer1.1794,Brentwood,Rockingham,New Hampshire,NA,42.9780248,-71.0735503,ME-NH0007
nh.countytreasurer1.1794,Deerfield,Rockingham,New Hampshire,NA,43.146194,-71.2164524,ME-NH0012
nh.countytreasurer1.1794,Epping,Rockingham,New Hampshire,NA,43.0534843,-71.0735476,ME-NH0016
nh.countytreasurer1.1794,Exeter,Rockingham,New Hampshire,4216,42.977138,-70.95235,ME-NH0018
nh.countytreasurer1.1794,Kensington,Rockingham,New Hampshire,NA,42.9270334,-70.9439447,ME-NH0027
nh.countytreasurer1.1794,New Market,Rockingham,New Hampshire,NA,43.0828551,-70.9350382,ME-NH0031
nh.countytreasurer1.1794,Portsmouth,Rockingham,New Hampshire,4227,43.0605947,-70.7803481,ME-NH0036
nh.countytreasurer1.1794,Stratham,Rockingham,New Hampshire,NA,43.0228677,-70.9163873,ME-NH0042
nh.statesenate4.1794,Deerfield,Rockingham,New Hampshire,NA,43.146194,-71.2164524,ME-NH0012
nh.statesenate4.1794,Epsom,Rockingham,New Hampshire,NA,43.2249396,-71.3445677,ME-NH0017
nh.recorder.rockingham.1794,Brentwood,Rockingham,New Hampshire,NA,42.9780248,-71.0735503,ME-NH0007
nh.recorder.rockingham.1794,Deerfield,Rockingham,New Hampshire,NA,43.146194,-71.2164524,ME-NH0012
nh.recorder.rockingham.1794,Epping,Rockingham,New Hampshire,NA,43.0534843,-71.0735476,ME-NH0016
nh.recorder.rockingham.1794,Exeter,Rockingham,New Hampshire,4216,42.977138,-70.95235,ME-NH0018
nh.recorder.rockingham.1794,Kensington,Rockingham,New Hampshire,NA,42.9270334,-70.9439447,ME-NH0027
nh.recorder.rockingham.1794,New Market,Rockingham,New Hampshire,NA,43.0828551,-70.9350382,ME-NH0031
nh.recorder.rockingham.1794,Portsmouth,Rockingham,New Hampshire,4227,43.0605947,-70.7803481,ME-NH0036
nh.recorder.rockingham.1794,Stratham,Rockingham,New Hampshire,NA,43.0228677,-70.9163873,ME-NH0042
nh.councillor1.1794,Brentwood,Rockingham,New Hampshire,NA,42.9780248,-71.0735503,ME-NH0007
nh.councillor1.1794,Concord,Rockingham,New Hampshire,4213,43.2324926,-71.5612523,ME-NH0011
nh.councillor1.1794,Deerfield,Rockingham,New Hampshire,NA,43.146194,-71.2164524,ME-NH0012
nh.councillor1.1794,Epping,Rockingham,New Hampshire,NA,43.0534843,-71.0735476,ME-NH0016
nh.councillor1.1794,Epsom,Rockingham,New Hampshire,NA,43.2249396,-71.3445677,ME-NH0017
nh.councillor1.1794,Exeter,Rockingham,New Hampshire,4216,42.977138,-70.95235,ME-NH0018
nh.councillor1.1794,Kensington,Rockingham,New Hampshire,NA,42.9270334,-70.9439447,ME-NH0027
nh.councillor1.1794,New Market,Rockingham,New Hampshire,NA,43.0828551,-70.9350382,ME-NH0031
nh.councillor1.1794,Portsmouth,Rockingham,New Hampshire,4227,43.0605947,-70.7803481,ME-NH0036
nh.councillor1.1794,Stratham,Rockingham,New Hampshire,NA,43.0228677,-70.9163873,ME-NH0042
