congbio_member_name,congbio_position,congbio_party,congbio_state,congbio_birth,congbio_death,congbio_congress,join_name,congbio_id,congbio_url,candidate_id
"Ashe, John Baptista",Representative,Anti-Administration,NC,1748,1802,1,John Baptista Ashe,A000307,http://bioguide.congress.gov/scripts/biodisplay.pl?index=A000307,AJ0202
"Bassett, Richard",Senator,Anti-Administration,DE,1745,1815,1,Richard Bassett,B000226,http://bioguide.congress.gov/scripts/biodisplay.pl?index=B000226,BR0005
"Bland, Theodorick",Representative,Anti-Administration,VA,1742,1790,1,Theodorick Bland,B000546,http://bioguide.congress.gov/scripts/biodisplay.pl?index=B000546,BT0354
"Burke, Aedanus",Representative,Anti-Administration,SC,1743,1802,1,Aedanus Burke,B001086,http://bioguide.congress.gov/scripts/biodisplay.pl?index=B001086,BA0012
"Cadwalader, Lambert",Representative,Pro-Administration,NJ,1742,1823,1,Lambert Cadwalader,C000012,http://bioguide.congress.gov/scripts/biodisplay.pl?index=C000012,CL0010
"Carroll, Charles (Of Carrollton)",Senator,Pro-Administration,MD,1737,1832,1,Charles (Of Carrollton) Carroll,C000185,http://bioguide.congress.gov/scripts/biodisplay.pl?index=C000185,CC0012
"Coles, Isaac",Representative,Anti-Administration,VA,1747,1813,1,Isaac Coles,C000624,http://bioguide.congress.gov/scripts/biodisplay.pl?index=C000624,CI0035
"Ellsworth, Oliver",Senator,Pro-Administration,CT,1745,1807,1,Oliver Ellsworth,E000147,http://bioguide.congress.gov/scripts/biodisplay.pl?index=E000147,EO0001
"Foster, Theodore",Senator,Pro-Administration,RI,1752,1828,1,Theodore Foster,F000313,http://bioguide.congress.gov/scripts/biodisplay.pl?index=F000313,NA
"Giles, William Branch",Representative,NA,VA,1762,1830,1,William Branch Giles,G000183,http://bioguide.congress.gov/scripts/biodisplay.pl?index=G000183,GW0186
"Grayson, William",Senator,Anti-Administration,VA,1740,1790,1,William Grayson,G000403,http://bioguide.congress.gov/scripts/biodisplay.pl?index=G000403,GW0185
"Gunn, James",Senator,Anti-Administration,GA,1753,1801,1,James Gunn,G000526,http://bioguide.congress.gov/scripts/biodisplay.pl?index=G000526,GJ0032
"Hawkins, Benjamin",Senator,Pro-Administration,NC,1754,1816,1,Benjamin Hawkins,H000368,http://bioguide.congress.gov/scripts/biodisplay.pl?index=H000368,HB0124
"Henry, John",Senator,Pro-Administration,MD,1750,1798,1,John Henry,H000508,http://bioguide.congress.gov/scripts/biodisplay.pl?index=H000508,HJ0153
"Hiester, Daniel",Representative,Anti-Administration,PA,1747,1804,1,Daniel Hiester,H000570,http://bioguide.congress.gov/scripts/biodisplay.pl?index=H000570,HD0024
"Huger, Daniel",Representative,Pro-Administration,SC,1742,1799,1,Daniel Huger,H000916,http://bioguide.congress.gov/scripts/biodisplay.pl?index=H000916,HD0340
"Huntington, Benjamin",Representative,Pro-Administration,CT,1736,1800,1,Benjamin Huntington,H000995,http://bioguide.congress.gov/scripts/biodisplay.pl?index=H000995,HB0010
"Izard, Ralph",Senator,Pro-Administration,SC,1741/1742,1804,1,Ralph Izard,I000053,http://bioguide.congress.gov/scripts/biodisplay.pl?index=I000053,NA
"Johnson, William Samuel",Senator,Pro-Administration,CT,1727,1819,1,William Samuel Johnson,J000182,http://bioguide.congress.gov/scripts/biodisplay.pl?index=J000182,NA
"Johnston, Samuel",Senator,Pro-Administration,NC,1733,1816,1,Samuel Johnston,J000198,http://bioguide.congress.gov/scripts/biodisplay.pl?index=J000198,NA
"Laurance, John",Representative,NA,NY,1750,1810,1,John Laurance,L000120,http://bioguide.congress.gov/scripts/biodisplay.pl?index=L000120,LJ0218
"Lee, Richard Henry",Senator,Anti-Administration,VA,1732,1794,1,Richard Henry Lee,L000201,http://bioguide.congress.gov/scripts/biodisplay.pl?index=L000201,LR0089
"Madison, James, Jr.",Representative,Anti-Administration,VA,1751,1836,1,James Madison,M000043,http://bioguide.congress.gov/scripts/biodisplay.pl?index=M000043,MJ1401
"Muhlenberg, Frederick Augustus Conrad",Representative,Pro-administration,PA,NA,NA,1,Frederick Augustus Conrad Muhlenberg,M001063,http://bioguide.congress.gov/scripts/biodisplay.pl?index=M001063,MF0016
"Muhlenberg, John Peter Gabriel",Representative,NA,PA,1746,1807,1,John Peter Gabriel Muhlenberg,M001066,http://bioguide.congress.gov/scripts/biodisplay.pl?index=M001066,MP0089
"Paterson, William",Senator,Pro-Administration,NJ,1745,1806,1,William Paterson,P000102,http://bioguide.congress.gov/scripts/biodisplay.pl?index=P000102,PW0134
"Read, George",Senator,Pro-Administration,DE,1733,1798,1,George Read,R000091,http://bioguide.congress.gov/scripts/biodisplay.pl?index=R000091,RG0001
"Schuyler, Philip John",Senator, ,NY,1733,1804,1,Philip John Schuyler,S000154,http://bioguide.congress.gov/scripts/biodisplay.pl?index=S000154,SP0065
"Sherman, Roger",Representative,NA,CT,1721,1793,1,Roger Sherman,S000349,http://bioguide.congress.gov/scripts/biodisplay.pl?index=S000349,SR0003
"Silvester, Peter",Representative,Pro-Administration,NY,1734,1808,1,Peter Silvester,S000412,http://bioguide.congress.gov/scripts/biodisplay.pl?index=S000412,SP0060
"Smith, William Loughton",Representative,Pro-Administration,SC,1758,1812,1,William Loughton Smith,S000633,http://bioguide.congress.gov/scripts/biodisplay.pl?index=S000633,SW0299
"Stanton, Joseph, Jr.",Senator,Anti-Administration,RI,1739,1807,1,Joseph Stanton,S000805,http://bioguide.congress.gov/scripts/biodisplay.pl?index=S000805,SJ1468
"Sturges, Jonathan",Representative,Pro-Administration,CT,1740,1819,1,Jonathan Sturges,S001047,http://bioguide.congress.gov/scripts/biodisplay.pl?index=S001047,SJ0011
"Trumbull, Jonathan, Jr.",Representative,NA,CT,1740,1809,1,Jonathan Trumbull,T000389,http://bioguide.congress.gov/scripts/biodisplay.pl?index=T000389,TJ0010
"Tucker, Thomas Tudor",Representative,NA,SC,1745,1828,1,Thomas Tudor Tucker,T000403,http://bioguide.congress.gov/scripts/biodisplay.pl?index=T000403,TT0007
"Wadsworth, Jeremiah",Representative,NA,CT,1743,1804,1,Jeremiah Wadsworth,W000013,http://bioguide.congress.gov/scripts/biodisplay.pl?index=W000013,WJ0011
"Wingate, Paine",Senator,Anti-Administration,NH,1739,1838,1,Paine Wingate,W000633,http://bioguide.congress.gov/scripts/biodisplay.pl?index=W000633,WP0051
"Barnwell, Robert",Representative,Pro-Administration,SC,1761,1814,2,Robert Barnwell,B000167,http://bioguide.congress.gov/scripts/biodisplay.pl?index=B000167,NA
"Bradley, Stephen Row",Senator,Anti-Administration,VT,1754,1830,2,Stephen Row Bradley,B000745,http://bioguide.congress.gov/scripts/biodisplay.pl?index=B000745,NA
"Edwards, John",Senator,Anti-Administration,KY,1748,1837,2,John Edwards,E000075,http://bioguide.congress.gov/scripts/biodisplay.pl?index=E000075,NA
"Greenup, Christopher",Representative,Anti-Administration,KY,1750,1818,2,Christopher Greenup,G000434,http://bioguide.congress.gov/scripts/biodisplay.pl?index=G000434,NA
"Grove, William Barry",Representative,Pro-Administration,NC,1764,1818,2,William Barry Grove,G000502,http://bioguide.congress.gov/scripts/biodisplay.pl?index=G000502,NA
"Hillhouse, James",Representative,NA,CT,1754,1832,2,James Hillhouse,H000618,http://bioguide.congress.gov/scripts/biodisplay.pl?index=H000618,NA
"Key, Philip",Representative,Pro-Administration,MD,1750,1820,2,Philip Key,K000158,http://bioguide.congress.gov/scripts/biodisplay.pl?index=K000158,NA
"Kittera, John Wilkes",Representative,Pro-Administration,PA,1752,1801,2,John Wilkes Kittera,K000253,http://bioguide.congress.gov/scripts/biodisplay.pl?index=K000253,NA
"Learned, Amasa",Representative,Pro-Administration,CT,1750,1825,2,Amasa Learned,L000178,http://bioguide.congress.gov/scripts/biodisplay.pl?index=L000178,NA
"Orr, Alexander Dalrymple",Representative,Anti-Administration,KY,1761,1835,2,Alexander Dalrymple Orr,O000101,http://bioguide.congress.gov/scripts/biodisplay.pl?index=O000101,NA
"Potts, Richard",Senator,Pro-Administration,MD,1753,1808,2,Richard Potts,P000473,http://bioguide.congress.gov/scripts/biodisplay.pl?index=P000473,NA
"Rutherfurd, John",Senator,Pro-Administration,NJ,1760,1840,2,John Rutherfurd,R000550,http://bioguide.congress.gov/scripts/biodisplay.pl?index=R000550,NA
"Schoonmaker, Cornelius Corneliusen",Representative,Anti-Administration,NY,1745,1796,2,Cornelius Corneliusen Schoonmaker,S000140,http://bioguide.congress.gov/scripts/biodisplay.pl?index=S000140,NA
"Venable, Abraham Bedford",Representative,NA,VA,1758,1811,2,Abraham Bedford Venable,V000083,http://bioguide.congress.gov/scripts/biodisplay.pl?index=V000083,NA
"Bradford, William",Senator,Pro-Administration,RI,1729,1808,3,William Bradford,B000739,http://bioguide.congress.gov/scripts/biodisplay.pl?index=B000739,NA
"Carnes, Thomas Petters",Representative,Anti-Administration,GA,1762,1822,3,Thomas Petters Carnes,C000163,http://bioguide.congress.gov/scripts/biodisplay.pl?index=C000163,NA
"Coit, Joshua",Representative,Pro-Administration,CT,1758,1798,3,Joshua Coit,C000600,http://bioguide.congress.gov/scripts/biodisplay.pl?index=C000600,NA
"Dawson, William Johnson",Representative,Anti-Administration,NC,NA,1798,3,William Johnson Dawson,D000157,http://bioguide.congress.gov/scripts/biodisplay.pl?index=D000157,NA
"Gillon, Alexander",Representative,Anti-Administration,SC,1741,1794,3,Alexander Gillon,G000211,http://bioguide.congress.gov/scripts/biodisplay.pl?index=G000211,NA
"Glen, Henry",Representative,Pro-Administration,NY,1739,1814,3,Henry Glen,G000235,http://bioguide.congress.gov/scripts/biodisplay.pl?index=G000235,NA
"Harrison, Carter Bassett",Representative,Anti-Administration,VA,c1756,1808,3,Carter Bassett Harrison,H000266,http://bioguide.congress.gov/scripts/biodisplay.pl?index=H000266,NA
"Holten, Samuel",Representative,Anti-Administration,MA,1738,1816,3,Samuel Holten,H000750,http://bioguide.congress.gov/scripts/biodisplay.pl?index=H000750,NA
"Latimer, Henry",Representative,Federalist,DE,1752,1819,3,Henry Latimer,L000115,http://bioguide.congress.gov/scripts/biodisplay.pl?index=L000115,NA
"Mason, Stevens Thomson",Senator,Democratic Republican,VA,1760,1803,3,Stevens Thomson Mason,M000226,http://bioguide.congress.gov/scripts/biodisplay.pl?index=M000226,NA
"Mcdowell, Joseph",Representative,Anti-Administration,NC,1758,1799,3,Joseph Mcdowell,M000424,http://bioguide.congress.gov/scripts/biodisplay.pl?index=M000424,NA
"Mitchell, Stephen Mix",Senator,Pro-Administration,CT,1743,1835,3,Stephen Mix Mitchell,M000828,http://bioguide.congress.gov/scripts/biodisplay.pl?index=M000828,NA
"Patten, John",Representative,Anti-Administration,DE,1746,1800,3,John Patten,P000108,http://bioguide.congress.gov/scripts/biodisplay.pl?index=P000108,NA
"Pickens, Andrew",Representative,Anti-Administration,SC,1739,1817,3,Andrew Pickens,P000320,http://bioguide.congress.gov/scripts/biodisplay.pl?index=P000320,NA
"Sherburne, John Samuel",Representative,Anti-Administration,NH,1757,1830,3,John Samuel Sherburne,S000339,http://bioguide.congress.gov/scripts/biodisplay.pl?index=S000339,NA
"Tazewell, Henry",Senator,Anti-Administration,VA,1753,1799,3,Henry Tazewell,T000107,http://bioguide.congress.gov/scripts/biodisplay.pl?index=T000107,NA
"Tracy, Uriah",Representative,Federalist,CT,1755,1807,3,Uriah Tracy,T000348,http://bioguide.congress.gov/scripts/biodisplay.pl?index=T000348,NA
"Van Alen, John Evert",Representative,Federalist,NY,1749,1807,3,John Evert Van Alen,V000012,http://bioguide.congress.gov/scripts/biodisplay.pl?index=V000012,NA
"Blount, William",Senator,Democratic Republican,TN,1749,1800,4,William Blount,B000570,http://bioguide.congress.gov/scripts/biodisplay.pl?index=B000570,NA
"Burges, Dempsey",Representative,Republican,NC,1751,1800,4,Dempsey Burges,B001081,http://bioguide.congress.gov/scripts/biodisplay.pl?index=B001081,NA
"Clopton, John",Representative,Republican,VA,1756,1816,4,John Clopton,C000531,http://bioguide.congress.gov/scripts/biodisplay.pl?index=C000531,NA
"Cocke, William",Senator,Democratic Republican,TN,1748,1828,4,William Cocke,C000572,http://bioguide.congress.gov/scripts/biodisplay.pl?index=C000572,NA
"Dana, Samuel Whittlesey",Representative,Federalist,CT,1760,1830,4,Samuel Whittlesey Dana,D000024,http://bioguide.congress.gov/scripts/biodisplay.pl?index=D000024,NA
"Davenport, James",Representative,Federalist,CT,1758,1797,4,James Davenport,D000073,http://bioguide.congress.gov/scripts/biodisplay.pl?index=D000073,NA
"Earle, Samuel",Representative,Republican,SC,1760,1833,4,Samuel Earle,E000010,http://bioguide.congress.gov/scripts/biodisplay.pl?index=E000010,NA
"Freeman, Nathaniel, Jr.",Representative,Federalist,MA,1766,1800,4,Nathaniel Freeman,F000365,http://bioguide.congress.gov/scripts/biodisplay.pl?index=F000365,NA
"Goodrich, Chauncey",Representative,Federalist,CT,1759,1815,4,Chauncey Goodrich,G000293,http://bioguide.congress.gov/scripts/biodisplay.pl?index=G000293,NA
"Griswold, Roger",Representative,Federalist,CT,1762,1812,4,Roger Griswold,G000488,http://bioguide.congress.gov/scripts/biodisplay.pl?index=G000488,NA
"Hampton, Wade",Representative,Republican,SC,1752,1835,4,Wade Hampton,H000140,http://bioguide.congress.gov/scripts/biodisplay.pl?index=H000140,NA
"Havens, Jonathan Nicoll",Representative,Republican,NY,1757,1799,4,Jonathan Nicoll Havens,H000359,http://bioguide.congress.gov/scripts/biodisplay.pl?index=H000359,NA
"Marshall, Humphrey",Senator,Federalist,KY,1760,1841,4,Humphrey Marshall,M000155,http://bioguide.congress.gov/scripts/biodisplay.pl?index=M000155,NA
"Paine, Elijah",Senator,Federalist,VT,1757,1842,4,Elijah Paine,P000026,http://bioguide.congress.gov/scripts/biodisplay.pl?index=P000026,NA
"Potter, Elisha Reynolds",Representative,Federalist,RI,1764,1835,4,Elisha Reynolds Potter,P000463,http://bioguide.congress.gov/scripts/biodisplay.pl?index=P000463,NA
"Read, Jacob",Senator,Federalist,SC,1752,1816,4,Jacob Read,R000092,http://bioguide.congress.gov/scripts/biodisplay.pl?index=R000092,NA
"Skinner, Thomson Joseph",Representative,Republican,MA,1752,1809,4,Thomson Joseph Skinner,S000471,http://bioguide.congress.gov/scripts/biodisplay.pl?index=S000471,NA
"Strudwick, William Francis",Representative,Federalist,NC,c1765,1812,4,William Francis Strudwick,S001029,http://bioguide.congress.gov/scripts/biodisplay.pl?index=S001029,NA
"Swanwick, John",Representative,Republican,PA,1760,1798,4,John Swanwick,S001095,http://bioguide.congress.gov/scripts/biodisplay.pl?index=S001095,NA
"Tattnall, Josiah",Senator,Democratic Republican,GA,1762,1803,4,Josiah Tattnall,T000052,http://bioguide.congress.gov/scripts/biodisplay.pl?index=T000052,NA
"Thomson, Mark",Representative,Federalist,NJ,1739,1803,4,Mark Thomson,T000232,http://bioguide.congress.gov/scripts/biodisplay.pl?index=T000232,NA
"Varnum, Joseph Bradley",Representative,Democratic Republican,MA,1750/1751,1821,4,Joseph Bradley Varnum,V000074,http://bioguide.congress.gov/scripts/biodisplay.pl?index=V000074,NA
"Anderson, Joseph Inslee",Senator,Democratic Republican,TN,1757,1837,5,Joseph Inslee Anderson,A000197,http://bioguide.congress.gov/scripts/biodisplay.pl?index=A000197,NA
"Baer, George, Jr.",Representative,Federalist,MD,1763,1834,5,George Baer,B000026,http://bioguide.congress.gov/scripts/biodisplay.pl?index=B000026,NA
"Bayard, James Asheton, Sr.",Representative,Federalist,DE,1767,1815,5,James Asheton Bayard,B000249,http://bioguide.congress.gov/scripts/biodisplay.pl?index=B000249,NA
"Brace, Jonathan",Representative,Federalist,CT,1754,1837,5,Jonathan Brace,B000731,http://bioguide.congress.gov/scripts/biodisplay.pl?index=B000731,NA
"Champlin, Christopher Grant",Representative,Federalist,RI,1768,1840,5,Christopher Grant Champlin,C000289,http://bioguide.congress.gov/scripts/biodisplay.pl?index=C000289,NA
"Claiborne, William Charles Cole",Representative,Democratic Republican,TN,1775,1817,5,William Charles Cole Claiborne,C000408,http://bioguide.congress.gov/scripts/biodisplay.pl?index=C000408,NA
"Edmond, William",Representative,Federalist,CT,1755,1838,5,William Edmond,E000052,http://bioguide.congress.gov/scripts/biodisplay.pl?index=E000052,NA
"Elmendorf, Lucas Conrad",Representative,Republican,NY,1758,1843,5,Lucas Conrad Elmendorf,E000153,http://bioguide.congress.gov/scripts/biodisplay.pl?index=E000153,NA
"Greene, Ray",Senator,Federalist,RI,1765,1849,5,Ray Greene,G000427,http://bioguide.congress.gov/scripts/biodisplay.pl?index=G000427,NA
"Hanna, John Andre",Representative,Republican,PA,1762,1805,5,John Andre Hanna,H000161,http://bioguide.congress.gov/scripts/biodisplay.pl?index=H000161,NA
"Hiester, Joseph",Representative,Republican,PA,1752,1832,5,Joseph Hiester,H000574,http://bioguide.congress.gov/scripts/biodisplay.pl?index=H000574,NA
"Hobart, John Sloss",Senator,Federalist,NY,1738,1805,5,John Sloss Hobart,H000661,http://bioguide.congress.gov/scripts/biodisplay.pl?index=H000661,NA
"Hosmer, Hezekiah Lord",Representative,Federalist,NY,1765,1814,5,Hezekiah Lord Hosmer,H000803,http://bioguide.congress.gov/scripts/biodisplay.pl?index=H000803,NA
"Imlay, James Henderson",Representative,Federalist,NJ,1764,1823,5,James Henderson Imlay,I000011,http://bioguide.congress.gov/scripts/biodisplay.pl?index=I000011,NA
"Lloyd, James",Senator,Federalist,MD,1756,1830,5,James Lloyd,L000377,http://bioguide.congress.gov/scripts/biodisplay.pl?index=L000377,NA
"Mcclenachan, Blair",Representative,Republican,PA,NA,1812,5,Blair Mcclenachan,M000336,http://bioguide.congress.gov/scripts/biodisplay.pl?index=M000336,NA
"Mcdowell, Joseph",Representative,Republican,NC,1756,1801,5,Joseph Mcdowell,M000423,http://bioguide.congress.gov/scripts/biodisplay.pl?index=M000423,NA
"Morris, Lewis Richard",Representative,Federalist,VT,1760,1825,5,Lewis Richard Morris,M000983,http://bioguide.congress.gov/scripts/biodisplay.pl?index=M000983,NA
"Otis, Harrison Gray",Representative,Federalist,MA,1765,1848,5,Harrison Gray Otis,O000127,http://bioguide.congress.gov/scripts/biodisplay.pl?index=O000127,NA
"Pinckney, Charles",Senator,Democratic Republican,SC,1757,1824,5,Charles Pinckney,P000354,http://bioguide.congress.gov/scripts/biodisplay.pl?index=P000354,NA
"Spaight, Richard Dobbs",Representative,Republican,NC,1758,1802,5,Richard Dobbs Spaight,S000693,http://bioguide.congress.gov/scripts/biodisplay.pl?index=S000693,NA
"Trigg, Abram",Representative,Republican,VA,1750,NA,5,Abram Trigg,T000368,http://bioguide.congress.gov/scripts/biodisplay.pl?index=T000368,NA
"Trigg, John Johns",Representative,Republican,VA,1748,1804,5,John Johns Trigg,T000370,http://bioguide.congress.gov/scripts/biodisplay.pl?index=T000370,NA
"Wells, William Hill",Senator,Federalist,DE,1769,1829,5,William Hill Wells,W000287,http://bioguide.congress.gov/scripts/biodisplay.pl?index=W000287,NA
"Armstrong, John, Jr.",Senator,Democratic Republican,NY,1758,1843,6,John Armstrong,A000282,http://bioguide.congress.gov/scripts/biodisplay.pl?index=A000282,NA
"Mattoon, Ebenezer",Representative,Federalist,MA,1755,1843,6,Ebenezer Mattoon,M000259,http://bioguide.congress.gov/scripts/biodisplay.pl?index=M000259,NA
"Morris, Gouverneur",Senator,Federalist,NY,1752,1816,6,Gouverneur Morris,M000976,http://bioguide.congress.gov/scripts/biodisplay.pl?index=M000976,NA
"Nicholas, Wilson Cary",Senator,Democratic Republican,VA,1761,1820,6,Wilson Cary Nicholas,N000086,http://bioguide.congress.gov/scripts/biodisplay.pl?index=N000086,NA
"Nicholson, Joseph Hopper",Representative,Republican,MD,1770,1817,6,Joseph Hopper Nicholson,N000100,http://bioguide.congress.gov/scripts/biodisplay.pl?index=N000100,NA
"White, Samuel",Senator,Federalist,DE,1770,1809,6,Samuel White,W000392,http://bioguide.congress.gov/scripts/biodisplay.pl?index=W000392,NA
"Breckinridge, John",Senator,Democratic Republican,KY,1760,1806,7,John Breckinridge,B000787,http://bioguide.congress.gov/scripts/biodisplay.pl?index=B000787,NA
"Clinton, De Witt",Senator,Democratic Republican,NY,1769,1828,7,De Witt Clinton,C000525,http://bioguide.congress.gov/scripts/biodisplay.pl?index=C000525,NA
"Colhoun, John Ewing",Senator,Democratic Republican,SC,1749,1802,7,John Ewing Colhoun,C000627,http://bioguide.congress.gov/scripts/biodisplay.pl?index=C000627,NA
"Cutler, Manasseh",Representative,Federalist,MA,1742,1823,7,Manasseh Cutler,C001026,http://bioguide.congress.gov/scripts/biodisplay.pl?index=C001026,NA
"Cutts, Richard",Representative,Republican,MA,1771,1845,7,Richard Cutts,C001033,http://bioguide.congress.gov/scripts/biodisplay.pl?index=C001033,NA
"Ellery, Christopher",Senator,Democratic Republican,RI,1768,1840,7,Christopher Ellery,E000114,http://bioguide.congress.gov/scripts/biodisplay.pl?index=E000114,NA
"Logan, George",Senator,Democratic Republican,PA,1753,1821,7,George Logan,L000401,http://bioguide.congress.gov/scripts/biodisplay.pl?index=L000401,NA
"Lowndes, Thomas",Representative,Federalist,SC,1766,1843,7,Thomas Lowndes,L000482,http://bioguide.congress.gov/scripts/biodisplay.pl?index=L000482,NA
"Meriwether, David",Representative,Republican,GA,1755,1822,7,David Meriwether,M000649,http://bioguide.congress.gov/scripts/biodisplay.pl?index=M000649,NA
"Mitchill, Samuel Latham",Representative,Democratic Republican,NY,1764,1831,7,Samuel Latham Mitchill,M000831,http://bioguide.congress.gov/scripts/biodisplay.pl?index=M000831,NA
"Moore, Thomas",Representative,Republican,SC,1759,1822,7,Thomas Moore,M000919,http://bioguide.congress.gov/scripts/biodisplay.pl?index=M000919,NA
"Olcott, Simeon",Senator,Federalist,NH,1735,1815,7,Simeon Olcott,O000060,http://bioguide.congress.gov/scripts/biodisplay.pl?index=O000060,NA
"Stanly, John",Representative,Federalist,NC,1774,1834,7,John Stanly,S000800,http://bioguide.congress.gov/scripts/biodisplay.pl?index=S000800,NA
"Thompson, Philip Rootes",Representative,Republican,VA,1766,1837,7,Philip Rootes Thompson,T000213,http://bioguide.congress.gov/scripts/biodisplay.pl?index=T000213,NA
"Upham, George Baxter",Representative,Federalist,NH,1768,1848,7,George Baxter Upham,U000022,http://bioguide.congress.gov/scripts/biodisplay.pl?index=U000022,NA
"Van Ness, John Peter",Representative,Republican,NY,1769,1846,7,John Peter Van Ness,V000049,http://bioguide.congress.gov/scripts/biodisplay.pl?index=V000049,NA
"Van Rensselaer, Killian Killian",Representative,Federalist,NY,1763,1845,7,Killian Killian Van Rensselaer,V000054,http://bioguide.congress.gov/scripts/biodisplay.pl?index=V000054,NA
"Bedinger, George Michael",Representative,Republican,KY,1756,1843,8,George Michael Bedinger,B000301,http://bioguide.congress.gov/scripts/biodisplay.pl?index=B000301,NA
"Casey, Levi",Representative,Republican,SC,1752c,1807,8,Levi Casey,C000226,http://bioguide.congress.gov/scripts/biodisplay.pl?index=C000226,NA
"Clagett, Clifton",Representative,Federalist,NH,1762,1829,8,Clifton Clagett,C000399,http://bioguide.congress.gov/scripts/biodisplay.pl?index=C000399,NA
"Clark, Christopher Henderson",Representative,Republican,VA,1767,1828,8,Christopher Henderson Clark,C000424,http://bioguide.congress.gov/scripts/biodisplay.pl?index=C000424,NA
"Earle, John Baylis",Representative,Republican,SC,1766,1836,8,John Baylis Earle,E000008,http://bioguide.congress.gov/scripts/biodisplay.pl?index=E000008,NA
"Eppes, John Wayles",Representative,Democratic Republican,VA,1773,1823,8,John Wayles Eppes,E000197,http://bioguide.congress.gov/scripts/biodisplay.pl?index=E000197,NA
"Gaillard, John",Senator,Democratic Republican,SC,1765,1826,8,John Gaillard,G000005,http://bioguide.congress.gov/scripts/biodisplay.pl?index=G000005,NA
"Hoge, John",Representative,Republican,PA,1760,1824,8,John Hoge,H000695,http://bioguide.congress.gov/scripts/biodisplay.pl?index=H000695,NA
"Jackson, John George",Representative,Republican,VA,1777,1825,8,John George Jackson,J000021,http://bioguide.congress.gov/scripts/biodisplay.pl?index=J000021,NA
"Lewis, Joseph, Jr.",Representative,Federalist,VA,1772,1834,8,Joseph Lewis,L000290,http://bioguide.congress.gov/scripts/biodisplay.pl?index=L000290,NA
"Livingston, Henry Walter",Representative,Federalist,NY,1768,1810,8,Henry Walter Livingston,L000367,http://bioguide.congress.gov/scripts/biodisplay.pl?index=L000367,NA
"Lucas, John Baptiste Charles",Representative,Republican,PA,1758,1842,8,John Baptiste Charles Lucas,L000492,http://bioguide.congress.gov/scripts/biodisplay.pl?index=L000492,NA
"Mccord, Andrew",Representative,Republican,NY,1754c,1808,8,Andrew Mccord,M000359,http://bioguide.congress.gov/scripts/biodisplay.pl?index=M000359,NA
"Mccreery, William",Representative,Republican,MD,1750,1814,8,William Mccreery,M000387,http://bioguide.congress.gov/scripts/biodisplay.pl?index=M000387,NA
"Moore, Nicholas Ruxton",Representative,Republican,MD,1756,1816,8,Nicholas Ruxton Moore,M000909,http://bioguide.congress.gov/scripts/biodisplay.pl?index=M000909,NA
"Paterson, John",Representative,Republican,NY,1744,1808,8,John Paterson,P000101,http://bioguide.congress.gov/scripts/biodisplay.pl?index=P000101,NA
"Potter, Samuel John",Senator,Democratic Republican,RI,1753,1804,8,Samuel John Potter,P000468,http://bioguide.congress.gov/scripts/biodisplay.pl?index=P000468,NA
"Purviance, Samuel Dinsmore",Representative,Federalist,NC,1774,1806,8,Samuel Dinsmore Purviance,P000577,http://bioguide.congress.gov/scripts/biodisplay.pl?index=P000577,NA
"Rodney, Caesar Augustus",Representative,Democratic Republican,DE,1772,1824,8,Caesar Augustus Rodney,R000377,http://bioguide.congress.gov/scripts/biodisplay.pl?index=R000377,NA
"Verplanck, Daniel Crommelin",Representative,Republican,NY,1762,1834,8,Daniel Crommelin Verplanck,V000088,http://bioguide.congress.gov/scripts/biodisplay.pl?index=V000088,NA
"Adair, John",Senator,Democratic Republican,KY,1757,1840,9,John Adair,A000026,http://bioguide.congress.gov/scripts/biodisplay.pl?index=A000026,NA
"Alexander, Evan Shelby",Representative,Republican,NC,1767c,1809,9,Evan Shelby Alexander,A000092,http://bioguide.congress.gov/scripts/biodisplay.pl?index=A000092,NA
"Bibb, William Wyatt",Representative,Democratic Republican,GA,1781,1820,9,William Wyatt Bibb,B000434,http://bioguide.congress.gov/scripts/biodisplay.pl?index=B000434,NA
"Bidwell, Barnabas",Representative,Republican,MA,1763,1833,9,Barnabas Bidwell,B000446,http://bioguide.congress.gov/scripts/biodisplay.pl?index=B000446,NA
"Broom, James Madison",Representative,Federalist,DE,1776,1850,9,James Madison Broom,B000888,http://bioguide.congress.gov/scripts/biodisplay.pl?index=B000888,NA
"Burwell, William Armisted",Representative,Republican,VA,1780,1821,9,William Armisted Burwell,B001160,http://bioguide.congress.gov/scripts/biodisplay.pl?index=B001160,NA
"Fenner, James",Senator,Democratic Republican,RI,1771,1846,9,James Fenner,F000074,http://bioguide.congress.gov/scripts/biodisplay.pl?index=F000074,NA
"Garnett, James Mercer",Representative,Republican,VA,1770,1843,9,James Mercer Garnett,G000075,http://bioguide.congress.gov/scripts/biodisplay.pl?index=G000075,NA
"Green, Isaiah Lewis",Representative,Republican,MA,1761,1841,9,Isaiah Lewis Green,G000413,http://bioguide.congress.gov/scripts/biodisplay.pl?index=G000413,NA
"Lloyd, Edward",Representative,Democratic Republican,MD,1779,1834,9,Edward Lloyd,L000376,http://bioguide.congress.gov/scripts/biodisplay.pl?index=L000376,NA
"Marion, Robert",Representative,Republican,SC,1766,1811,9,Robert Marion,M000130,http://bioguide.congress.gov/scripts/biodisplay.pl?index=M000130,NA
"Mcfarlan, Duncan",Representative,Republican,NC,NA,1816,9,Duncan Mcfarlan,M000437,http://bioguide.congress.gov/scripts/biodisplay.pl?index=M000437,NA
"Moseley, Jonathan Ogden",Representative,Federalist,CT,1762,1838,9,Jonathan Ogden Moseley,M001023,http://bioguide.congress.gov/scripts/biodisplay.pl?index=M001023,NA
"Mumford, Gurdon Saltonstall",Representative,Republican,NY,1764,1831,9,Gurdon Saltonstall Mumford,M001076,http://bioguide.congress.gov/scripts/biodisplay.pl?index=M001076,NA
"Pitkin, Timothy",Representative,Federalist,CT,1766,1847,9,Timothy Pitkin,P000368,http://bioguide.congress.gov/scripts/biodisplay.pl?index=P000368,NA
"Quincy, Josiah",Representative,Federalist,MA,1772,1864,9,Josiah Quincy,Q000015,http://bioguide.congress.gov/scripts/biodisplay.pl?index=Q000015,NA
"Schuneman, Martin Gerretsen",Representative,Republican,NY,1764,1827,9,Martin Gerretsen Schuneman,S000149,http://bioguide.congress.gov/scripts/biodisplay.pl?index=S000149,NA
"Smith, O'brien",Representative,Republican,SC,1756c,1811,9,O'brien Smith,S000598,http://bioguide.congress.gov/scripts/biodisplay.pl?index=S000598,NA
"Sturges, Lewis Burr",Representative,Federalist,CT,1763,1844,9,Lewis Burr Sturges,S001048,http://bioguide.congress.gov/scripts/biodisplay.pl?index=S001048,NA
"Thompson, Thomas Weston",Representative,Federalist,NH,1766,1821,9,Thomas Weston Thompson,T000220,http://bioguide.congress.gov/scripts/biodisplay.pl?index=T000220,NA
"Thruston, Buckner",Senator,Democratic Republican,KY,1763,1845,9,Buckner Thruston,T000249,http://bioguide.congress.gov/scripts/biodisplay.pl?index=T000249,NA
"Tracy, Uri",Representative,Republican,NY,1764,1838,9,Uri Tracy,T000347,http://bioguide.congress.gov/scripts/biodisplay.pl?index=T000347,NA
"Turner, James",Senator,Democratic Republican,NC,1766,1824,9,James Turner,T000423,http://bioguide.congress.gov/scripts/biodisplay.pl?index=T000423,NA
"Williams, David Rogerson",Representative,Republican,SC,1776,1830,9,David Rogerson Williams,W000495,http://bioguide.congress.gov/scripts/biodisplay.pl?index=W000495,NA
"Alston, Lemuel James",Representative,Republican,SC,1760,1836,10,Lemuel James Alston,A000165,http://bioguide.congress.gov/scripts/biodisplay.pl?index=A000165,NA
"Calhoun, Joseph",Representative,Republican,SC,1750,1817,10,Joseph Calhoun,C000045,http://bioguide.congress.gov/scripts/biodisplay.pl?index=C000045,NA
"Carleton, Peter",Representative,Republican,NH,1755,1828,10,Peter Carleton,C000148,http://bioguide.congress.gov/scripts/biodisplay.pl?index=C000148,NA
"Champion, Epaphroditus",Representative,Federalist,CT,1756,1834,10,Epaphroditus Champion,C000288,http://bioguide.congress.gov/scripts/biodisplay.pl?index=C000288,NA
"Crawford, William Harris",Senator,Democratic Republican,GA,1772,1834,10,William Harris Crawford,C000895,http://bioguide.congress.gov/scripts/biodisplay.pl?index=C000895,NA
"Culpepper, John",Representative,Federalist,NC,1761,1841,10,John Culpepper,C000976,http://bioguide.congress.gov/scripts/biodisplay.pl?index=C000976,NA
"Dean, Josiah",Representative,Republican,MA,1748,1818,10,Josiah Dean,D000173,http://bioguide.congress.gov/scripts/biodisplay.pl?index=D000173,NA
"Durell, Daniel Meserve",Representative,Republican,NH,1769,1841,10,Daniel Meserve Durell,D000565,http://bioguide.congress.gov/scripts/biodisplay.pl?index=D000565,NA
"Gholson, Thomas, Jr.",Representative,Republican,VA,NA,1816,10,Thomas Gholson,G000150,http://bioguide.congress.gov/scripts/biodisplay.pl?index=G000150,NA
"Hiester, John",Representative,Republican,PA,1745,1821,10,John Hiester,H000573,http://bioguide.congress.gov/scripts/biodisplay.pl?index=H000573,NA
"Humphrey, Reuben",Representative,Republican,NY,1757,1831,10,Reuben Humphrey,H000957,http://bioguide.congress.gov/scripts/biodisplay.pl?index=H000957,NA
"Johnson, Richard Mentor",Representative,Democratic Republican,KY,1780,1850,10,Richard Mentor Johnson,J000170,http://bioguide.congress.gov/scripts/biodisplay.pl?index=J000170,NA
"Livermore, Edward St. Loe",Representative,Federalist,MA,1762,1832,10,Edward St. Loe Livermore,L000363,http://bioguide.congress.gov/scripts/biodisplay.pl?index=L000363,NA
"Lloyd, James",Senator,Federalist,MA,1769,1831,10,James Lloyd,L000378,http://bioguide.congress.gov/scripts/biodisplay.pl?index=L000378,NA
"Mathewson, Elisha",Senator,Democratic Republican,RI,1767,1853,10,Elisha Mathewson,M000240,http://bioguide.congress.gov/scripts/biodisplay.pl?index=M000240,NA
"Meigs, Return Jonathan, Jr.",Senator,Democratic Republican,OH,1764,1825,10,Return Jonathan Meigs,M000633,http://bioguide.congress.gov/scripts/biodisplay.pl?index=M000633,NA
"Montgomery, Daniel, Jr.",Representative,Republican,PA,1765,1831,10,Daniel Montgomery,M000864,http://bioguide.congress.gov/scripts/biodisplay.pl?index=M000864,NA
"Tiffin, Edward",Senator,Democratic Republican,OH,1766,1829,10,Edward Tiffin,T000268,http://bioguide.congress.gov/scripts/biodisplay.pl?index=T000268,NA
"Troup, George Michael",Representative,Democratic Republican,GA,1780,1856,10,George Michael Troup,T000382,http://bioguide.congress.gov/scripts/biodisplay.pl?index=T000382,NA
"Van Alen, James Isaac",Representative,Democratic Republican,NY,1772,1822,10,James Isaac Van Alen,V000011,http://bioguide.congress.gov/scripts/biodisplay.pl?index=V000011,NA
"Wharton, Jesse",Representative,Democratic Republican,TN,1782,1833,10,Jesse Wharton,W000324,http://bioguide.congress.gov/scripts/biodisplay.pl?index=W000324,NA
"Witherell, James",Representative,Republican,VT,1759,1838,10,James Witherell,W000657,http://bioguide.congress.gov/scripts/biodisplay.pl?index=W000657,NA
"Barry, William Taylor",Representative,Democratic Republican,KY,1784,1835,11,William Taylor Barry,B000192,http://bioguide.congress.gov/scripts/biodisplay.pl?index=B000192,NA
"Breckinridge, James",Representative,Federalist,VA,1763,1833,11,James Breckinridge,B000785,http://bioguide.congress.gov/scripts/biodisplay.pl?index=B000785,NA
"Chamberlain, John Curtis",Representative,Federalist,NH,1772,1834,11,John Curtis Chamberlain,C000279,http://bioguide.congress.gov/scripts/biodisplay.pl?index=C000279,NA
"Cheves, Langdon",Representative,Republican,SC,1776,1857,11,Langdon Cheves,C000350,http://bioguide.congress.gov/scripts/biodisplay.pl?index=C000350,NA
"Garland, David Shepherd",Representative,Republican,VA,1769,1841,11,David Shepherd Garland,G000066,http://bioguide.congress.gov/scripts/biodisplay.pl?index=G000066,NA
"Gold, Thomas Ruggles",Representative,Federalist,NY,1764,1827,11,Thomas Ruggles Gold,G000257,http://bioguide.congress.gov/scripts/biodisplay.pl?index=G000257,NA
"Griswold, Stanley",Senator,Democratic Republican,OH,1763,1815,11,Stanley Griswold,G000489,http://bioguide.congress.gov/scripts/biodisplay.pl?index=G000489,NA
"Haven, Nathaniel Appleton",Representative,Federalist,NH,1762,1831,11,Nathaniel Appleton Haven,H000354,http://bioguide.congress.gov/scripts/biodisplay.pl?index=H000354,NA
"Hiester, Daniel",Representative,Republican,PA,1774,1834,11,Daniel Hiester,H000571,http://bioguide.congress.gov/scripts/biodisplay.pl?index=H000571,NA
"Horsey, Outerbridge",Senator,Federalist,DE,1777,1842,11,Outerbridge Horsey,H000795,http://bioguide.congress.gov/scripts/biodisplay.pl?index=H000795,NA
"Hubbard, Jonathan Hatch",Representative,Federalist,VT,1768,1849,11,Jonathan Hatch Hubbard,H000886,http://bioguide.congress.gov/scripts/biodisplay.pl?index=H000886,NA
"Livingston, Robert Le Roy",Representative,Federalist,NY,1778,1836,11,Robert Le Roy Livingston,L000370,http://bioguide.congress.gov/scripts/biodisplay.pl?index=L000370,NA
"Mathews, Vincent",Representative,Federalist,NY,1766,1846,11,Vincent Mathews,M000239,http://bioguide.congress.gov/scripts/biodisplay.pl?index=M000239,NA
"Mcbryde, Archibald",Representative,Federalist,NC,1766,1836,11,Archibald Mcbryde,M000302,http://bioguide.congress.gov/scripts/biodisplay.pl?index=M000302,NA
"Mckee, Samuel",Representative,Republican,KY,1774,1826,11,Samuel Mckee,M000496,http://bioguide.congress.gov/scripts/biodisplay.pl?index=M000496,NA
"Mckim, Alexander",Representative,Republican,MD,1748,1832,11,Alexander Mckim,M000515,http://bioguide.congress.gov/scripts/biodisplay.pl?index=M000515,NA
"Mckinley, William",Representative,Republican,VA,NA,NA,11,William Mckinley,M000520,http://bioguide.congress.gov/scripts/biodisplay.pl?index=M000520,NA
"Miller, Pleasant Moorman",Representative,Republican,TN,NA,1849,11,Pleasant Moorman Miller,M000750,http://bioguide.congress.gov/scripts/biodisplay.pl?index=M000750,NA
"Porter, Peter Buell",Representative,Republican,NY,1773,1844,11,Peter Buell Porter,P000446,http://bioguide.congress.gov/scripts/biodisplay.pl?index=P000446,NA
"Ringgold, Samuel",Representative,Republican,MD,1770,1829,11,Samuel Ringgold,R000263,http://bioguide.congress.gov/scripts/biodisplay.pl?index=R000263,NA
"Roane, John",Representative,Republican,VA,1766,1838,11,John Roane,R000291,http://bioguide.congress.gov/scripts/biodisplay.pl?index=R000291,NA
"Scudder, John Anderson",Representative,Republican,NJ,1759,1836,11,John Anderson Scudder,S000200,http://bioguide.congress.gov/scripts/biodisplay.pl?index=S000200,NA
"Tait, Charles",Senator,Democratic Republican,GA,1768,1835,11,Charles Tait,T000015,http://bioguide.congress.gov/scripts/biodisplay.pl?index=T000015,NA
"Weakley, Robert",Representative,Republican,TN,1764,1845,11,Robert Weakley,W000220,http://bioguide.congress.gov/scripts/biodisplay.pl?index=W000220,NA
"Whiteside, Jenkin",Senator,Democratic Republican,TN,1772,1822,11,Jenkin Whiteside,W000411,http://bioguide.congress.gov/scripts/biodisplay.pl?index=W000411,NA
"Witherspoon, Robert",Representative,Republican,SC,1767,1837,11,Robert Witherspoon,W000661,http://bioguide.congress.gov/scripts/biodisplay.pl?index=W000661,NA
"Bartlett, Josiah, Jr.",Representative,Republican,NH,1768,1838,12,Josiah Bartlett,B000207,http://bioguide.congress.gov/scripts/biodisplay.pl?index=B000207,NA
"Bibb, George Mortimer",Senator,Democratic Republican,KY,1776,1859,12,George Mortimer Bibb,B000433,http://bioguide.congress.gov/scripts/biodisplay.pl?index=B000433,NA
"Calhoun, John Caldwell",Representative,Democratic Republican,SC,1782,1850,12,John Caldwell Calhoun,C000044,http://bioguide.congress.gov/scripts/biodisplay.pl?index=C000044,NA
"Condict, Lewis",Representative,Republican,NJ,1772,1862,12,Lewis Condict,C000668,http://bioguide.congress.gov/scripts/biodisplay.pl?index=C000668,NA
"Cooke, Thomas Burrage",Representative,Republican,NY,1778,1853,12,Thomas Burrage Cooke,C000734,http://bioguide.congress.gov/scripts/biodisplay.pl?index=C000734,NA
"Destréhan, Jean Noel",Senator,Unknown,LA,1754,1823,12,Jean Noel Destréhan,D000273,http://bioguide.congress.gov/scripts/biodisplay.pl?index=D000273,NA
"Dinsmoor, Samuel",Representative,Republican,NH,1766,1835,12,Samuel Dinsmoor,D000357,http://bioguide.congress.gov/scripts/biodisplay.pl?index=D000357,NA
"Grosvenor, Thomas Peabody",Representative,Federalist,NY,1778,1817,12,Thomas Peabody Grosvenor,G000498,http://bioguide.congress.gov/scripts/biodisplay.pl?index=G000498,NA
"Harper, John Adams",Representative,Republican,NH,1779,1816,12,John Adams Harper,H000223,http://bioguide.congress.gov/scripts/biodisplay.pl?index=H000223,NA
"Howell, Jeremiah Brown",Senator,Democratic Republican,RI,1771,1822,12,Jeremiah Brown Howell,H000865,http://bioguide.congress.gov/scripts/biodisplay.pl?index=H000865,NA
"Hungerford, John Pratt",Representative,Republican,VA,1761,1833,12,John Pratt Hungerford,H000967,http://bioguide.congress.gov/scripts/biodisplay.pl?index=H000967,NA
"King, William Rufus De Vane",Representative,Democratic Republican,NC,1786,1853,12,William Rufus De Vane King,K000217,http://bioguide.congress.gov/scripts/biodisplay.pl?index=K000217,NA
"Lowndes, William",Representative,Republican,SC,1782,1822,12,William Lowndes,L000483,http://bioguide.congress.gov/scripts/biodisplay.pl?index=L000483,NA
"Magruder, Allan Bowie",Senator,Democratic Republican,LA,1775,1822,12,Allan Bowie Magruder,M000056,http://bioguide.congress.gov/scripts/biodisplay.pl?index=M000056,NA
"Maxwell, George Clifford",Representative,Republican,NJ,1771,1816,12,George Clifford Maxwell,M000267,http://bioguide.congress.gov/scripts/biodisplay.pl?index=M000267,NA
"Mccoy, William",Representative,Republican,VA,NA,1864,12,William Mccoy,M000377,http://bioguide.congress.gov/scripts/biodisplay.pl?index=M000377,NA
"Richardson, William Merchant",Representative,Republican,MA,1774,1838,12,William Merchant Richardson,R000231,http://bioguide.congress.gov/scripts/biodisplay.pl?index=R000231,NA
"Ridgely, Henry Moore",Representative,Federalist,DE,1779,1847,12,Henry Moore Ridgely,R000245,http://bioguide.congress.gov/scripts/biodisplay.pl?index=R000245,NA
"Rodman, William",Representative,Republican,PA,1757,1824,12,William Rodman,R000375,http://bioguide.congress.gov/scripts/biodisplay.pl?index=R000375,NA
"Stuart, Philip",Representative,Federalist,MD,1760,1830,12,Philip Stuart,S001036,http://bioguide.congress.gov/scripts/biodisplay.pl?index=S001036,NA
"Van Cortlandt, Pierre, Jr.",Representative,Republican,NY,1762,1848,12,Pierre Van Cortlandt,V000023,http://bioguide.congress.gov/scripts/biodisplay.pl?index=V000023,NA
"Barbour, Philip Pendleton",Representative,Republican,VA,1783,1841,13,Philip Pendleton Barbour,B000131,http://bioguide.congress.gov/scripts/biodisplay.pl?index=B000131,NA
"Bayly, Thomas Monteagle",Representative,Federalist,VA,1775,1834,13,Thomas Monteagle Bayly,B000260,http://bioguide.congress.gov/scripts/biodisplay.pl?index=B000260,NA
"Bines, Thomas",Representative,Republican,NJ,NA,1826,13,Thomas Bines,B000467,http://bioguide.congress.gov/scripts/biodisplay.pl?index=B000467,NA
"Bledsoe, Jesse",Senator,Democratic Republican,KY,1776,1836,13,Jesse Bledsoe,B000554,http://bioguide.congress.gov/scripts/biodisplay.pl?index=B000554,NA
"Bowen, John H.",Representative,Republican,TN,1780,1822,13,John H. Bowen,B000684,http://bioguide.congress.gov/scripts/biodisplay.pl?index=B000684,NA
"Bowers, John Myer",Representative,Federalist,NY,1772,1846,13,John Myer Bowers,B000691,http://bioguide.congress.gov/scripts/biodisplay.pl?index=B000691,NA
"Bradley, William Czar",Representative,Republican,VT,1782,1867,13,William Czar Bradley,B000748,http://bioguide.congress.gov/scripts/biodisplay.pl?index=B000748,NA
"Bulloch, William Bellinger",Senator,Democratic Republican,GA,1777,1852,13,William Bellinger Bulloch,B001051,http://bioguide.congress.gov/scripts/biodisplay.pl?index=B001051,NA
"Chappell, John Joel",Representative,Republican,SC,1782,1871,13,John Joel Chappell,C000320,http://bioguide.congress.gov/scripts/biodisplay.pl?index=C000320,NA
"Clendenin, David",Representative,Republican,OH,1779c,NA,13,David Clendenin,C000510,http://bioguide.congress.gov/scripts/biodisplay.pl?index=C000510,NA
"Comstock, Oliver Cromwell",Representative,Republican,NY,1780,1860,13,Oliver Cromwell Comstock,C000664,http://bioguide.congress.gov/scripts/biodisplay.pl?index=C000664,NA
"Conard, John",Representative,Republican,PA,1773,1857,13,John Conard,C000667,http://bioguide.congress.gov/scripts/biodisplay.pl?index=C000667,NA
"Coxe, William, Jr.",Representative,Federalist,NJ,1762,1831,13,William Coxe,C000843,http://bioguide.congress.gov/scripts/biodisplay.pl?index=C000843,NA
"Crouch, Edward",Representative,Republican,PA,1764,1827,13,Edward Crouch,C000934,http://bioguide.congress.gov/scripts/biodisplay.pl?index=C000934,NA
"Denoyelles, Peter",Representative,Republican,NY,1766,1829,13,Peter Denoyelles,D000252,http://bioguide.congress.gov/scripts/biodisplay.pl?index=D000252,NA
"Duval, William Pope",Representative,Republican,KY,1784,1854,13,William Pope Duval,D000577,http://bioguide.congress.gov/scripts/biodisplay.pl?index=D000577,NA
"Evans, David Reid",Representative,Republican,SC,1769,1843,13,David Reid Evans,E000238,http://bioguide.congress.gov/scripts/biodisplay.pl?index=E000238,NA
"Farrow, Samuel",Representative,Republican,SC,1759,1824,13,Samuel Farrow,F000036,http://bioguide.congress.gov/scripts/biodisplay.pl?index=F000036,NA
"Fromentin, Eligius",Senator,Democratic Republican,LA,unknown,1822,13,Eligius Fromentin,F000389,http://bioguide.congress.gov/scripts/biodisplay.pl?index=F000389,NA
"Glasgow, Hugh",Representative,Republican,PA,1769,1818,13,Hugh Glasgow,G000231,http://bioguide.congress.gov/scripts/biodisplay.pl?index=G000231,NA
"Gourdin, Theodore",Representative,Republican,SC,1764,1826,13,Theodore Gourdin,G000345,http://bioguide.congress.gov/scripts/biodisplay.pl?index=G000345,NA
"Griffin, Isaac",Representative,Republican,PA,1756,1827,13,Isaac Griffin,G000461,http://bioguide.congress.gov/scripts/biodisplay.pl?index=G000461,NA
"Hasbrouck, Abraham Joseph",Representative,Republican,NY,1773,1845,13,Abraham Joseph Hasbrouck,H000313,http://bioguide.congress.gov/scripts/biodisplay.pl?index=H000313,NA
"Hawkins, Joseph H.",Representative,Republican,KY,NA,1823,13,Joseph H. Hawkins,H000372,http://bioguide.congress.gov/scripts/biodisplay.pl?index=H000372,NA
"Hopkins, Samuel Miles",Representative,Federalist,NY,1772,1837,13,Samuel Miles Hopkins,H000780,http://bioguide.congress.gov/scripts/biodisplay.pl?index=H000780,NA
"Howell, Nathaniel Woodhull",Representative,Federalist,NY,1770,1851,13,Nathaniel Woodhull Howell,H000867,http://bioguide.congress.gov/scripts/biodisplay.pl?index=H000867,NA
"Hulbert, John Whitefield",Representative,Federalist,MA,1770,1831,13,John Whitefield Hulbert,H000935,http://bioguide.congress.gov/scripts/biodisplay.pl?index=H000935,NA
"Humphreys, Parry Wayne",Representative,Republican,TN,1778,1839,13,Parry Wayne Humphreys,H000962,http://bioguide.congress.gov/scripts/biodisplay.pl?index=H000962,NA
"Ingersoll, Charles Jared",Representative,Republican,PA,1782,1862,13,Charles Jared Ingersoll,I000015,http://bioguide.congress.gov/scripts/biodisplay.pl?index=I000015,NA
"Ingham, Samuel Delucenna",Representative,Republican,PA,1779,1860,13,Samuel Delucenna Ingham,I000022,http://bioguide.congress.gov/scripts/biodisplay.pl?index=I000022,NA
"Kershaw, John",Representative,Republican,SC,1765,1829,13,John Kershaw,K000149,http://bioguide.congress.gov/scripts/biodisplay.pl?index=K000149,NA
"Kilbourne, James",Representative,Republican,OH,1770,1850,13,James Kilbourne,K000169,http://bioguide.congress.gov/scripts/biodisplay.pl?index=K000169,NA
"Locke, Francis",Senator,Unknown,NC,1776,1823,13,Francis Locke,L000387,http://bioguide.congress.gov/scripts/biodisplay.pl?index=L000387,NA
"Mcarthur, Duncan",Representative,Republican,OH,1772,1839,13,Duncan Mcarthur,M000299,http://bioguide.congress.gov/scripts/biodisplay.pl?index=M000299,NA
"Mclean, John",Representative,Republican,OH,1785,1861,13,John Mclean,M000549,http://bioguide.congress.gov/scripts/biodisplay.pl?index=M000549,NA
"Miller, Morris Smith",Representative,Federalist,NY,1779,1824,13,Morris Smith Miller,M000747,http://bioguide.congress.gov/scripts/biodisplay.pl?index=M000747,NA
"Moffitt, Hosea",Representative,Federalist,NY,1757,1825,13,Hosea Moffitt,M000840,http://bioguide.congress.gov/scripts/biodisplay.pl?index=M000840,NA
"Murfree, William Hardy",Representative,Republican,NC,1781,1827,13,William Hardy Murfree,M001084,http://bioguide.congress.gov/scripts/biodisplay.pl?index=M001084,NA
"Oakley, Thomas Jackson",Representative,Federalist,NY,1783,1857,13,Thomas Jackson Oakley,O000003,http://bioguide.congress.gov/scripts/biodisplay.pl?index=O000003,NA
"Rich, Charles",Representative,Republican,VT,1771,1824,13,Charles Rich,R000207,http://bioguide.congress.gov/scripts/biodisplay.pl?index=R000207,NA
"Sharp, Solomon P.",Representative,Republican,KY,1780,1825,13,Solomon P. Sharp,S000295,http://bioguide.congress.gov/scripts/biodisplay.pl?index=S000295,NA
"Shipherd, Zebulon Rudd",Representative,Federalist,NY,1768,1841,13,Zebulon Rudd Shipherd,S000366,http://bioguide.congress.gov/scripts/biodisplay.pl?index=S000366,NA
"Smith, William Stephens",Representative,Federalist,NY,1755,1816,13,William Stephens Smith,S000638,http://bioguide.congress.gov/scripts/biodisplay.pl?index=S000638,NA
"Talbot, Isham",Senator,Democratic Republican,KY,1773,1837,13,Isham Talbot,T000017,http://bioguide.congress.gov/scripts/biodisplay.pl?index=T000017,NA
"Walker, George",Senator,Democratic Republican,KY,1763,1819,13,George Walker,W000053,http://bioguide.congress.gov/scripts/biodisplay.pl?index=W000053,NA
"Ward, Artemas, Jr.",Representative,Federalist,MA,1762,1847,13,Artemas Ward,W000128,http://bioguide.congress.gov/scripts/biodisplay.pl?index=W000128,NA
"Wood, Abiel",Representative,Republican,MA,1772,1834,13,Abiel Wood,W000687,http://bioguide.congress.gov/scripts/biodisplay.pl?index=W000687,NA
"Ashmun, Eli Porter",Senator,Federalist,MA,1770,1819,14,Eli Porter Ashmun,A000317,http://bioguide.congress.gov/scripts/biodisplay.pl?index=A000317,NA
"Atherton, Charles Humphrey",Representative,Federalist,NH,1773,1853,14,Charles Humphrey Atherton,A000324,http://bioguide.congress.gov/scripts/biodisplay.pl?index=A000324,NA
"Bennet, Benjamin",Representative,Republican,NJ,1764,1840,14,Benjamin Bennet,B000368,http://bioguide.congress.gov/scripts/biodisplay.pl?index=B000368,NA
"Betts, Samuel Rossiter",Representative,Republican,NY,1787,1868,14,Samuel Rossiter Betts,B000427,http://bioguide.congress.gov/scripts/biodisplay.pl?index=B000427,NA
"Blount, William Grainger",Representative,Republican,TN,1784,1827,14,William Grainger Blount,B000571,http://bioguide.congress.gov/scripts/biodisplay.pl?index=B000571,NA
"Boss, John Linscom, Jr.",Representative,Federalist,RI,1780,1819,14,John Linscom Boss,B000650,http://bioguide.congress.gov/scripts/biodisplay.pl?index=B000650,NA
"Bryan, Joseph Hunter",Representative,Republican,NC,1782,1839,14,Joseph Hunter Bryan,B000990,http://bioguide.congress.gov/scripts/biodisplay.pl?index=B000990,NA
"Burnside, Thomas",Representative,Republican,PA,1782,1851,14,Thomas Burnside,B001132,http://bioguide.congress.gov/scripts/biodisplay.pl?index=B001132,NA
"Clark, James West",Representative,Republican,NC,1779,1843,14,James West Clark,C000438,http://bioguide.congress.gov/scripts/biodisplay.pl?index=C000438,NA
"Clarke, Archibald Smith",Representative,Republican,NY,1788,1821,14,Archibald Smith Clarke,C000456,http://bioguide.congress.gov/scripts/biodisplay.pl?index=C000456,NA
"Conner, Samuel Shepard",Representative,Republican,MA,1783c,1820,14,Samuel Shepard Conner,C000692,http://bioguide.congress.gov/scripts/biodisplay.pl?index=C000692,NA
"Edwards, Weldon Nathaniel",Representative,Republican,NC,1788,1873,14,Weldon Nathaniel Edwards,E000083,http://bioguide.congress.gov/scripts/biodisplay.pl?index=E000083,NA
"Forney, Daniel Munroe",Representative,Republican,NC,1784,1847,14,Daniel Munroe Forney,F000278,http://bioguide.congress.gov/scripts/biodisplay.pl?index=F000278,NA
"Hammond, Jabez Delano",Representative,Republican,NY,1778,1855,14,Jabez Delano Hammond,H000127,http://bioguide.congress.gov/scripts/biodisplay.pl?index=H000127,NA
"Hardin, Martin D.",Senator,Federalist,KY,1780,1823,14,Martin D. Hardin,H000186,http://bioguide.congress.gov/scripts/biodisplay.pl?index=H000186,NA
"Harrison, William Henry",Representative,NA,OH,1773,1841,14,William Henry Harrison,H000279,http://bioguide.congress.gov/scripts/biodisplay.pl?index=H000279,NA
"Herbert, John Carlyle",Representative,Federalist,MD,1775,1846,14,John Carlyle Herbert,H000525,http://bioguide.congress.gov/scripts/biodisplay.pl?index=H000525,NA
"Jewett, Luther",Representative,Federalist,VT,1772,1860,14,Luther Jewett,J000107,http://bioguide.congress.gov/scripts/biodisplay.pl?index=J000107,NA
"Love, William Carter",Representative,Republican,NC,1784,1835,14,William Carter Love,L000460,http://bioguide.congress.gov/scripts/biodisplay.pl?index=L000460,NA
"Maclay, William Plunkett",Representative,Republican,PA,1774,1842,14,William Plunkett Maclay,M000033,http://bioguide.congress.gov/scripts/biodisplay.pl?index=M000033,NA
"Mason, Armistead Thomson",Senator,Democratic Republican,VA,1787,1819,14,Armistead Thomson Mason,M000213,http://bioguide.congress.gov/scripts/biodisplay.pl?index=M000213,NA
"Mason, James Brown",Representative,Federalist,RI,1775,1819,14,James Brown Mason,M000215,http://bioguide.congress.gov/scripts/biodisplay.pl?index=M000215,NA
"Mayrant, William",Representative,Republican,SC,NA,NA,14,William Mayrant,M000288,http://bioguide.congress.gov/scripts/biodisplay.pl?index=M000288,NA
"Mclean, Alney",Representative,Republican,KY,1779,1841,14,Alney Mclean,M000544,http://bioguide.congress.gov/scripts/biodisplay.pl?index=M000544,NA
"Middleton, Henry",Representative,Republican,SC,1770,1846,14,Henry Middleton,M000699,http://bioguide.congress.gov/scripts/biodisplay.pl?index=M000699,NA
"Miller, Stephen Decatur",Representative,Nullifier,SC,1787,1838,14,Stephen Decatur Miller,M000755,http://bioguide.congress.gov/scripts/biodisplay.pl?index=M000755,NA
"Mills, Elijah Hunt",Representative,Federalist,MA,1776,1829,14,Elijah Hunt Mills,M000774,http://bioguide.congress.gov/scripts/biodisplay.pl?index=M000774,NA
"Nelson, Thomas Maduit",Representative,Republican,VA,1782,1853,14,Thomas Maduit Nelson,N000043,http://bioguide.congress.gov/scripts/biodisplay.pl?index=N000043,NA
"Noble, James",Senator,Democratic Republican,IN,1785,1831,14,James Noble,N000118,http://bioguide.congress.gov/scripts/biodisplay.pl?index=N000118,NA
"Parris, Albion Keith",Representative,Republican,MA,1788,1857,14,Albion Keith Parris,P000079,http://bioguide.congress.gov/scripts/biodisplay.pl?index=P000079,NA
"Roane, William Henry",Representative,Republican,VA,1787,1845,14,William Henry Roane,R000293,http://bioguide.congress.gov/scripts/biodisplay.pl?index=R000293,NA
"Ruggles, Benjamin",Senator,Democratic Republican,OH,1783,1857,14,Benjamin Ruggles,R000500,http://bioguide.congress.gov/scripts/biodisplay.pl?index=R000500,NA
"Sanford, Nathan",Senator,Democratic Republican,NY,1777,1838,14,Nathan Sanford,S000052,http://bioguide.congress.gov/scripts/biodisplay.pl?index=S000052,NA
"Schenck, Abraham Henry",Representative,Republican,NY,1775,1831,14,Abraham Henry Schenck,S000115,http://bioguide.congress.gov/scripts/biodisplay.pl?index=S000115,NA
"Taul, Micah",Representative,Republican,KY,1785,1850,14,Micah Taul,T000054,http://bioguide.congress.gov/scripts/biodisplay.pl?index=T000054,NA
"Throop, Enos Thompson",Representative,Republican,NY,1784,1874,14,Enos Thompson Throop,T000247,http://bioguide.congress.gov/scripts/biodisplay.pl?index=T000247,NA
"Tucker, Henry St. George",Representative,Republican,VA,1780,1848,14,Henry St. George Tucker,T000398,http://bioguide.congress.gov/scripts/biodisplay.pl?index=T000398,NA
"Wendover, Peter Hercules",Representative,Republican,NY,1768,1834,14,Peter Hercules Wendover,W000293,http://bioguide.congress.gov/scripts/biodisplay.pl?index=W000293,NA
"Wilde, Richard Henry",Representative,Republican,GA,1789,1847,14,Richard Henry Wilde,W000460,http://bioguide.congress.gov/scripts/biodisplay.pl?index=W000460,NA
"Wilkin, James Whitney",Representative,Republican,NY,1762,1845,14,James Whitney Wilkin,W000472,http://bioguide.congress.gov/scripts/biodisplay.pl?index=W000472,NA
"Wilson, James Jefferson",Senator,Democratic Republican,NJ,1775,1824,14,James Jefferson Wilson,W000595,http://bioguide.congress.gov/scripts/biodisplay.pl?index=W000595,NA
"Yates, John Barentse",Representative,Republican,NY,1784,1836,14,John Barentse Yates,Y000009,http://bioguide.congress.gov/scripts/biodisplay.pl?index=Y000009,NA
"Abbot, Joel",Representative,Republican,GA,1776,1826,15,Joel Abbot,A000003,http://bioguide.congress.gov/scripts/biodisplay.pl?index=A000003,NA
"Allen, Heman (Of Colchester)",Representative,Republican,VT,1779,1852,15,Heman (Of Colchester) Allen,A000122,http://bioguide.congress.gov/scripts/biodisplay.pl?index=A000122,NA
"Allen, Samuel Clesson",Representative,Federalist,MA,1772,1842,15,Samuel Clesson Allen,A000146,http://bioguide.congress.gov/scripts/biodisplay.pl?index=A000146,NA
"Anderson, Richard Clough, Jr.",Representative,Republican,KY,1788,1826,15,Richard Clough Anderson,A000230,http://bioguide.congress.gov/scripts/biodisplay.pl?index=A000230,NA
"Bellinger, Joseph",Representative,Republican,SC,1773,1830,15,Joseph Bellinger,B000350,http://bioguide.congress.gov/scripts/biodisplay.pl?index=B000350,NA
"Burrill, James, Jr.",Senator,Federalist,RI,1772,1820,15,James Burrill,B001137,http://bioguide.congress.gov/scripts/biodisplay.pl?index=B001137,NA
"Campbell, John Wilson",Representative,Republican,OH,1782,1833,15,John Wilson Campbell,C000095,http://bioguide.congress.gov/scripts/biodisplay.pl?index=C000095,NA
"Cobb, Thomas Willis",Representative,Republican,GA,1784,1830,15,Thomas Willis Cobb,C000553,http://bioguide.congress.gov/scripts/biodisplay.pl?index=C000553,NA
"Crafts, Samuel Chandler",Representative,NA,VT,1768,1853,15,Samuel Chandler Crafts,C000851,http://bioguide.congress.gov/scripts/biodisplay.pl?index=C000851,NA
"Crittenden, John Jordan",Senator,Democratic Republican,KY,1786,1863,15,John Jordan Crittenden,C000912,http://bioguide.congress.gov/scripts/biodisplay.pl?index=C000912,NA
"Cushman, John Paine",Representative,Federalist,NY,1784,1848,15,John Paine Cushman,C001019,http://bioguide.congress.gov/scripts/biodisplay.pl?index=C001019,NA
"Davidson, William",Representative,Federalist,NC,1778,1857,15,William Davidson,D000087,http://bioguide.congress.gov/scripts/biodisplay.pl?index=D000087,NA
"Dickerson, Mahlon",Senator,Democratic Republican,NJ,1770,1853,15,Mahlon Dickerson,D000308,http://bioguide.congress.gov/scripts/biodisplay.pl?index=D000308,NA
"Drake, John Reuben",Representative,Republican,NY,1782,1857,15,John Reuben Drake,D000485,http://bioguide.congress.gov/scripts/biodisplay.pl?index=D000485,NA
"Eaton, John Henry",Senator,Democratic Republican,TN,1790,1856,15,John Henry Eaton,E000024,http://bioguide.congress.gov/scripts/biodisplay.pl?index=E000024,NA
"Edwards, Ninian",Senator,Democratic Republican,IL,1775,1833,15,Ninian Edwards,E000078,http://bioguide.congress.gov/scripts/biodisplay.pl?index=E000078,NA
"Ervin, James",Representative,Republican,SC,1778,1841,15,James Ervin,E000209,http://bioguide.congress.gov/scripts/biodisplay.pl?index=E000209,NA
"Garnett, Robert Selden",Representative,Republican,VA,1789,1840,15,Robert Selden Garnett,G000077,http://bioguide.congress.gov/scripts/biodisplay.pl?index=G000077,NA
"Hubbard, Thomas Hill",Representative,Republican,NY,1781,1857,15,Thomas Hill Hubbard,H000890,http://bioguide.congress.gov/scripts/biodisplay.pl?index=H000890,NA
"Lewis, William J.",Representative,Republican,VA,1766,1828,15,William J. Lewis,L000297,http://bioguide.congress.gov/scripts/biodisplay.pl?index=L000297,NA
"Marr, George Washington Lent",Representative,Republican,TN,1779,1856,15,George Washington Lent Marr,M000142,http://bioguide.congress.gov/scripts/biodisplay.pl?index=M000142,NA
"Mclane, Louis",Representative,NA,DE,1786,1857,15,Louis Mclane,M000535,http://bioguide.congress.gov/scripts/biodisplay.pl?index=M000535,NA
"Mclean, John",Representative,Crawford Republican,IL,1791,1830,15,John Mclean,M000550,http://bioguide.congress.gov/scripts/biodisplay.pl?index=M000550,NA
"Mcmillan, Alexander",Representative,Federalist,NC,NA,1817,15,Alexander Mcmillan,M000564,http://bioguide.congress.gov/scripts/biodisplay.pl?index=M000564,NA
"Mellen, Prentiss",Senator,Federalist,MA,1764,1840,15,Prentiss Mellen,M000636,http://bioguide.congress.gov/scripts/biodisplay.pl?index=M000636,NA
"Mercer, Charles Fenton",Representative,Federalist,VA,1778,1858,15,Charles Fenton Mercer,M000642,http://bioguide.congress.gov/scripts/biodisplay.pl?index=M000642,NA
"Merrill, Orsamus Cook",Representative,Republican,VT,1775,1865,15,Orsamus Cook Merrill,M000657,http://bioguide.congress.gov/scripts/biodisplay.pl?index=M000657,NA
"Morril, David Lawrence",Senator,Democratic Republican,NH,1772,1849,15,David Lawrence Morril,M000966,http://bioguide.congress.gov/scripts/biodisplay.pl?index=M000966,NA
"Nesbitt, Wilson",Representative,Republican,SC,NA,1861,15,Wilson Nesbitt,N000049,http://bioguide.congress.gov/scripts/biodisplay.pl?index=N000049,NA
"Owen, James",Representative,Republican,NC,1784,1865,15,James Owen,O000151,http://bioguide.congress.gov/scripts/biodisplay.pl?index=O000151,NA
"Palmer, William Adams",Senator,Democratic Republican,VT,1781,1860,15,William Adams Palmer,P000045,http://bioguide.congress.gov/scripts/biodisplay.pl?index=P000045,NA
"Parrott, John Fabyan",Representative,NA,NH,1767,1836,15,John Fabyan Parrott,P000084,http://bioguide.congress.gov/scripts/biodisplay.pl?index=P000084,NA
"Quarles, Tunstall",Representative,Republican,KY,1770c,1855,15,Tunstall Quarles,Q000005,http://bioguide.congress.gov/scripts/biodisplay.pl?index=Q000005,NA
"Rogers, Thomas Jones",Representative,Republican,PA,1781,1832,15,Thomas Jones Rogers,R000403,http://bioguide.congress.gov/scripts/biodisplay.pl?index=R000403,NA
"Sampson, Zabdiel",Representative,Republican,MA,1781,1828,15,Zabdiel Sampson,S000026,http://bioguide.congress.gov/scripts/biodisplay.pl?index=S000026,NA
"Schuyler, Philip Jeremiah",Representative,Federalist,NY,1768,1835,15,Philip Jeremiah Schuyler,S000153,http://bioguide.congress.gov/scripts/biodisplay.pl?index=S000153,NA
"Scudder, Tredwell",Representative,Republican,NY,1778,1834,15,Tredwell Scudder,S000203,http://bioguide.congress.gov/scripts/biodisplay.pl?index=S000203,NA
"Sherwood, Samuel Burr",Representative,Federalist,CT,1767,1833,15,Samuel Burr Sherwood,S000357,http://bioguide.congress.gov/scripts/biodisplay.pl?index=S000357,NA
"Simkins, Eldred",Representative,Republican,SC,1779,1831,15,Eldred Simkins,S000414,http://bioguide.congress.gov/scripts/biodisplay.pl?index=S000414,NA
"Smith, James Strudwick",Representative,Republican,NC,1790,1859,15,James Strudwick Smith,S000559,http://bioguide.congress.gov/scripts/biodisplay.pl?index=S000559,NA
"Spencer, John Canfield",Representative,Republican,NY,1788,1855,15,John Canfield Spencer,S000727,http://bioguide.congress.gov/scripts/biodisplay.pl?index=S000727,NA
"Storrs, Henry Randolph",Representative,Federalist,NY,1787,1837,15,Henry Randolph Storrs,S000976,http://bioguide.congress.gov/scripts/biodisplay.pl?index=S000976,NA
"Strother, George French",Representative,Republican,VA,1783,1840,15,George French Strother,S001023,http://bioguide.congress.gov/scripts/biodisplay.pl?index=S001023,NA
"Thomas, Jesse Burgess",Senator,Democratic Republican,IL,1777,1853,15,Jesse Burgess Thomas,T000171,http://bioguide.congress.gov/scripts/biodisplay.pl?index=T000171,NA
"Tucker, Starling",Representative,Jacksonian,SC,1770,1834,15,Starling Tucker,T000402,http://bioguide.congress.gov/scripts/biodisplay.pl?index=T000402,NA
"Westerlo, Rensselaer",Representative,Federalist,NY,1776,1851,15,Rensselaer Westerlo,W000309,http://bioguide.congress.gov/scripts/biodisplay.pl?index=W000309,NA
"Williams, Thomas Hill",Senator,Democratic Republican,MS,1780,1840,15,Thomas Hill Williams,W000540,http://bioguide.congress.gov/scripts/biodisplay.pl?index=W000540,NA
"Williams, Thomas Scott",Representative,Federalist,CT,1777,1861,15,Thomas Scott Williams,W000541,http://bioguide.congress.gov/scripts/biodisplay.pl?index=W000541,NA
"Archer, William Segar",Representative,Whig,VA,1789,1855,16,William Segar Archer,A000275,http://bioguide.congress.gov/scripts/biodisplay.pl?index=A000275,NA
"Blackledge, William Salter",Representative,Republican,NC,1793,1856,16,William Salter Blackledge,B000512,http://bioguide.congress.gov/scripts/biodisplay.pl?index=B000512,NA
"Brevard, Joseph",Representative,Republican,SC,1766,1821,16,Joseph Brevard,B000808,http://bioguide.congress.gov/scripts/biodisplay.pl?index=B000808,NA
"Bryan, Henry Hunter",Representative,Republican,TN,1786,1835,16,Henry Hunter Bryan,B000986,http://bioguide.congress.gov/scripts/biodisplay.pl?index=B000986,NA
"Buffum, Joseph, Jr.",Representative,Republican,NH,1784,1874,16,Joseph Buffum,B001042,http://bioguide.congress.gov/scripts/biodisplay.pl?index=B001042,NA
"Burton, Hutchins Gordon",Representative,Republican,NC,1782,1836,16,Hutchins Gordon Burton,B001152,http://bioguide.congress.gov/scripts/biodisplay.pl?index=B001152,NA
"Cook, Daniel Pope",Representative,Democratic Republican,IL,1794,1827,16,Daniel Pope Cook,C000716,http://bioguide.congress.gov/scripts/biodisplay.pl?index=C000716,NA
"Cuthbert, John Alfred",Representative,Republican,GA,1788,1881,16,John Alfred Cuthbert,C001024,http://bioguide.congress.gov/scripts/biodisplay.pl?index=C001024,NA
"De Witt, Jacob Hasbrouck",Representative,Republican,NY,1784,1857,16,Jacob Hasbrouck De Witt,D000287,http://bioguide.congress.gov/scripts/biodisplay.pl?index=D000287,NA
"Dickinson, John Dean",Representative,Federalist,NY,1767,1841,16,John Dean Dickinson,D000322,http://bioguide.congress.gov/scripts/biodisplay.pl?index=D000322,NA
"Edwards, Henry Waggaman",Representative,NA,CT,1779,1847,16,Henry Waggaman Edwards,E000070,http://bioguide.congress.gov/scripts/biodisplay.pl?index=E000070,NA
"Elliott, John",Senator,Democratic Republican,GA,1773,1827,16,John Elliott,E000124,http://bioguide.congress.gov/scripts/biodisplay.pl?index=E000124,NA
"Foot, Samuel Augustus",Representative,Adams,CT,1780,1846,16,Samuel Augustus Foot,F000247,http://bioguide.congress.gov/scripts/biodisplay.pl?index=F000247,NA
"Ford, William Donnison",Representative,Republican,NY,1779,1833,16,William Donnison Ford,F000269,http://bioguide.congress.gov/scripts/biodisplay.pl?index=F000269,NA
"Gray, John Cowper",Representative,Republican,VA,1783,1823,16,John Cowper Gray,G000398,http://bioguide.congress.gov/scripts/biodisplay.pl?index=G000398,NA
"Gross, Ezra Carter",Representative,Republican,NY,1787,1829,16,Ezra Carter Gross,G000494,http://bioguide.congress.gov/scripts/biodisplay.pl?index=G000494,NA
"Guyon, James, Jr.",Representative,Republican,NY,1778,1846,16,James Guyon,G000539,http://bioguide.congress.gov/scripts/biodisplay.pl?index=G000539,NA
"Hibshman, Jacob",Representative,Republican,PA,1772,1852,16,Jacob Hibshman,H000558,http://bioguide.congress.gov/scripts/biodisplay.pl?index=H000558,NA
"Hill, Mark Langdon",Representative,Republican,MA,1772,1842,16,Mark Langdon Hill,H000602,http://bioguide.congress.gov/scripts/biodisplay.pl?index=H000602,NA
"Jackson, Edward Brake",Representative,Republican,VA,1793,1826,16,Edward Brake Jackson,J000010,http://bioguide.congress.gov/scripts/biodisplay.pl?index=J000010,NA
"Knight, Nehemiah Rice",Senator,Democratic Republican,RI,1780,1854,16,Nehemiah Rice Knight,K000287,http://bioguide.congress.gov/scripts/biodisplay.pl?index=K000287,NA
"Logan, William",Senator,Democratic Republican,KY,1776,1822,16,William Logan,L000405,http://bioguide.congress.gov/scripts/biodisplay.pl?index=L000405,NA
"Lyman, Joseph Stebbins",Representative,Republican,NY,1785,1821,16,Joseph Stebbins Lyman,L000527,http://bioguide.congress.gov/scripts/biodisplay.pl?index=L000527,NA
"Mallary, Rollin Carolas",Representative,Republican,VT,1784,1831,16,Rollin Carolas Mallary,M000079,http://bioguide.congress.gov/scripts/biodisplay.pl?index=M000079,NA
"Mccreary, John",Representative,Republican,SC,1761c,1833,16,John Mccreary,M000383,http://bioguide.congress.gov/scripts/biodisplay.pl?index=M000383,NA
"Mccullough, Thomas Grubb",Representative,Federalist,PA,1785,1848,16,Thomas Grubb Mccullough,M000396,http://bioguide.congress.gov/scripts/biodisplay.pl?index=M000396,NA
"Metcalfe, Thomas",Representative,Whig,KY,1780,1855,16,Thomas Metcalfe,M000676,http://bioguide.congress.gov/scripts/biodisplay.pl?index=M000676,NA
"Moore, Thomas Love",Representative,Republican,VA,NA,1862,16,Thomas Love Moore,M000920,http://bioguide.congress.gov/scripts/biodisplay.pl?index=M000920,NA
"Overstreet, James",Representative,Republican,SC,1773,1822,16,James Overstreet,O000142,http://bioguide.congress.gov/scripts/biodisplay.pl?index=O000142,NA
"Parker, Severn Eyre",Representative,Republican,VA,1787,1836,16,Severn Eyre Parker,P000072,http://bioguide.congress.gov/scripts/biodisplay.pl?index=P000072,NA
"Peek, Harmanus",Representative,Republican,NY,1782,1838,16,Harmanus Peek,P000183,http://bioguide.congress.gov/scripts/biodisplay.pl?index=P000183,NA
"Plumer, William, Jr.",Representative,Republican,NH,1789,1854,16,William Plumer,P000394,http://bioguide.congress.gov/scripts/biodisplay.pl?index=P000394,NA
"Ross, Thomas Randolph",Representative,Republican,OH,1788,1869,16,Thomas Randolph Ross,R000456,http://bioguide.congress.gov/scripts/biodisplay.pl?index=R000456,NA
"Southard, Samuel Lewis",Senator,Democratic Republican,NJ,1787,1842,16,Samuel Lewis Southard,S000689,http://bioguide.congress.gov/scripts/biodisplay.pl?index=S000689,NA
"Street, Randall S.",Representative,Federalist,NY,1780,1841,16,Randall S. Street,S001002,http://bioguide.congress.gov/scripts/biodisplay.pl?index=S001002,NA
"Tracy, Albert Haller",Representative,Whig,NY,1793,1859,16,Albert Haller Tracy,T000343,http://bioguide.congress.gov/scripts/biodisplay.pl?index=T000343,NA
"Trimble, William Allen",Senator,Democratic Republican,OH,1786,1821,16,William Allen Trimble,T000377,http://bioguide.congress.gov/scripts/biodisplay.pl?index=T000377,NA
"Van Rensselaer, Solomon Van Vechten",Representative,Federalist,NY,1774,1852,16,Solomon Van Vechten Van Rensselaer,V000055,http://bioguide.congress.gov/scripts/biodisplay.pl?index=V000055,NA
"Walker, Freeman",Senator,Democratic Republican,GA,1780,1827,16,Freeman Walker,W000052,http://bioguide.congress.gov/scripts/biodisplay.pl?index=W000052,NA
"Walker, John Williams",Senator,Democratic Republican,AL,1783,1823,16,John Williams Walker,W000061,http://bioguide.congress.gov/scripts/biodisplay.pl?index=W000061,NA
"Barton, David",Senator,Democratic Republican,MO,1783,1837,17,David Barton,B000212,http://bioguide.congress.gov/scripts/biodisplay.pl?index=B000212,NA
"Baylies, Francis",Representative,Federalist,MA,1783,1852,17,Francis Baylies,B000255,http://bioguide.congress.gov/scripts/biodisplay.pl?index=B000255,NA
"Benton, Thomas Hart",Senator,Democratic Republican,MO,1782,1858,17,Thomas Hart Benton,B000398,http://bioguide.congress.gov/scripts/biodisplay.pl?index=B000398,NA
"Boardman, Elijah",Senator,Democratic Republican,CT,1760,1823,17,Elijah Boardman,B000577,http://bioguide.congress.gov/scripts/biodisplay.pl?index=B000577,NA
"Borland, Charles, Jr.",Representative,Republican,NY,1786,1852,17,Charles Borland,B000641,http://bioguide.congress.gov/scripts/biodisplay.pl?index=B000641,NA
"Breckinridge, James Douglas",Representative,Republican,KY,NA,1849,17,James Douglas Breckinridge,B000786,http://bioguide.congress.gov/scripts/biodisplay.pl?index=B000786,NA
"Brown, Ethan Allen",Senator,Democratic Republican,OH,1776,1852,17,Ethan Allen Brown,B000914,http://bioguide.congress.gov/scripts/biodisplay.pl?index=B000914,NA
"Cambreleng, Churchill Caldom",Representative,Republican,NY,1786,1862,17,Churchill Caldom Cambreleng,C000061,http://bioguide.congress.gov/scripts/biodisplay.pl?index=C000061,NA
"Colden, Cadwallader David",Representative,Federalist,NY,1769,1834,17,Cadwallader David Colden,C000604,http://bioguide.congress.gov/scripts/biodisplay.pl?index=C000604,NA
"Connor, Henry William",Representative,Republican,NC,1793,1866,17,Henry William Connor,C000700,http://bioguide.congress.gov/scripts/biodisplay.pl?index=C000700,NA
"De Wolf, James",Senator,Democratic Republican,RI,1764,1837,17,James De Wolf,D000295,http://bioguide.congress.gov/scripts/biodisplay.pl?index=D000295,NA
"Durfee, Job",Representative,Republican,RI,1790,1847,17,Job Durfee,D000568,http://bioguide.congress.gov/scripts/biodisplay.pl?index=D000568,NA
"Dwight, Henry Williams",Representative,Federalist,MA,1788,1845,17,Henry Williams Dwight,D000579,http://bioguide.congress.gov/scripts/biodisplay.pl?index=D000579,NA
"Findlay, William",Senator,Democratic Republican,PA,1768,1846,17,William Findlay,F000122,http://bioguide.congress.gov/scripts/biodisplay.pl?index=F000122,NA
"Gilmer, George Rockingham",Representative,Republican,GA,1790,1859,17,George Rockingham Gilmer,G000216,http://bioguide.congress.gov/scripts/biodisplay.pl?index=G000216,NA
"Gist, Joseph",Representative,Republican,SC,1775,1836,17,Joseph Gist,G000227,http://bioguide.congress.gov/scripts/biodisplay.pl?index=G000227,NA
"Govan, Andrew Robison",Representative,Republican,SC,1794,1841,17,Andrew Robison Govan,G000346,http://bioguide.congress.gov/scripts/biodisplay.pl?index=G000346,NA
"Hamilton, James, Jr.",Representative,Republican,SC,1786,1857,17,James Hamilton,H000110,http://bioguide.congress.gov/scripts/biodisplay.pl?index=H000110,NA
"Hawkes, James",Representative,Republican,NY,1776,1865,17,James Hawkes,H000366,http://bioguide.congress.gov/scripts/biodisplay.pl?index=H000366,NA
"Johnson, John Telemachus",Representative,Republican,KY,1788,1856,17,John Telemachus Johnson,J000154,http://bioguide.congress.gov/scripts/biodisplay.pl?index=J000154,NA
"Johnston, Josiah Stoddard",Representative,NA,LA,1784,1833,17,Josiah Stoddard Johnston,J000194,http://bioguide.congress.gov/scripts/biodisplay.pl?index=J000194,NA
"Long, John",Representative,Republican,NC,1785,1857,17,John Long,L000421,http://bioguide.congress.gov/scripts/biodisplay.pl?index=L000421,NA
"Mccarty, Richard",Representative,Republican,NY,1780,1844,17,Richard Mccarty,M000321,http://bioguide.congress.gov/scripts/biodisplay.pl?index=M000321,NA
"Mcduffie, George",Representative,Democrat,SC,1790,1851,17,George Mcduffie,M000426,http://bioguide.congress.gov/scripts/biodisplay.pl?index=M000426,NA
"Mckim, Isaac",Representative,Republican,MD,1775,1838,17,Isaac Mckim,M000516,http://bioguide.congress.gov/scripts/biodisplay.pl?index=M000516,NA
"Mcneill, Archibald",Representative,Federalist,NC,NA,1849,17,Archibald Mcneill,M000586,http://bioguide.congress.gov/scripts/biodisplay.pl?index=M000586,NA
"Mcsherry, James",Representative,Federalist,PA,1776,1849,17,James Mcsherry,M000602,http://bioguide.congress.gov/scripts/biodisplay.pl?index=M000602,NA
"Mitchell, Thomas Rothmaler",Representative,Republican,SC,1783,1837,17,Thomas Rothmaler Mitchell,M000829,http://bioguide.congress.gov/scripts/biodisplay.pl?index=M000829,NA
"Morgan, John Jordan",Representative,Republican,NY,1770,1849,17,John Jordan Morgan,M000953,http://bioguide.congress.gov/scripts/biodisplay.pl?index=M000953,NA
"Pierson, Jeremiah Halsey",Representative,Republican,NY,1766,1855,17,Jeremiah Halsey Pierson,P000342,http://bioguide.congress.gov/scripts/biodisplay.pl?index=P000342,NA
"Poinsett, Joel Roberts",Representative,Republican,SC,1779,1851,17,Joel Roberts Poinsett,P000404,http://bioguide.congress.gov/scripts/biodisplay.pl?index=P000404,NA
"Rochester, William Beatty",Representative,Republican,NY,1789,1838,17,William Beatty Rochester,R000360,http://bioguide.congress.gov/scripts/biodisplay.pl?index=R000360,NA
"Ruggles, Charles Herman",Representative,Federalist,NY,1789,1865,17,Charles Herman Ruggles,R000501,http://bioguide.congress.gov/scripts/biodisplay.pl?index=R000501,NA
"Saunders, Romulus Mitchell",Representative,Republican,NC,1791,1867,17,Romulus Mitchell Saunders,S000078,http://bioguide.congress.gov/scripts/biodisplay.pl?index=S000078,NA
"Tattnall, Edward Fenwick",Representative,Republican,GA,1788,1832,17,Edward Fenwick Tattnall,T000051,http://bioguide.congress.gov/scripts/biodisplay.pl?index=T000051,NA
"Tod, John",Representative,NA,PA,1779,1830,17,John Tod,T000290,http://bioguide.congress.gov/scripts/biodisplay.pl?index=T000290,NA
"Van Buren, Martin",Senator,Democratic Republican,NY,1782,1862,17,Martin Van Buren,V000009,http://bioguide.congress.gov/scripts/biodisplay.pl?index=V000009,NA
"Van Rensselaer, Stephen, Iii",Representative,NA,NY,1764,1839,17,Stephen Van Rensselaer,V000056,http://bioguide.congress.gov/scripts/biodisplay.pl?index=V000056,NA
"Van Wyck, William William",Representative,NA,NY,1777,1840,17,William William Van Wyck,V000068,http://bioguide.congress.gov/scripts/biodisplay.pl?index=V000068,NA
"Walworth, Reuben Hyde",Representative,NA,NY,1788,1867,17,Reuben Hyde Walworth,W000118,http://bioguide.congress.gov/scripts/biodisplay.pl?index=W000118,NA
"Ware, Nicholas",Senator,Democratic Republican,GA,1776,1824,17,Nicholas Ware,W000148,http://bioguide.congress.gov/scripts/biodisplay.pl?index=W000148,NA
"Williamson, William Durkee",Representative,NA,ME,1779,1846,17,William Durkee Williamson,W000554,http://bioguide.congress.gov/scripts/biodisplay.pl?index=W000554,NA
"Woodson, Samuel Hughes",Representative,NA,KY,1777,1827,17,Samuel Hughes Woodson,W000729,http://bioguide.congress.gov/scripts/biodisplay.pl?index=W000729,NA
"Wright, John Crafts",Representative,NA,OH,1783,1861,17,John Crafts Wright,W000764,http://bioguide.congress.gov/scripts/biodisplay.pl?index=W000764,NA
"Alexander, Adam Rankin",Representative,Jacksonian Republican,TN,1781,1848,18,Adam Rankin Alexander,A000089,http://bioguide.congress.gov/scripts/biodisplay.pl?index=A000089,NA
"Allison, James, Jr.",Representative,Jackson Republican,PA,1772,1854,18,James Allison,A000157,http://bioguide.congress.gov/scripts/biodisplay.pl?index=A000157,NA
"Barbour, John Strode",Representative,Crawford Republican,VA,1790,1855,18,John Strode Barbour,B000128,http://bioguide.congress.gov/scripts/biodisplay.pl?index=B000128,NA
"Bouligny, Charles Dominique Joseph",Senator,Adams-Clay Republican,LA,1773,1833,18,Charles Dominique Joseph Bouligny,B000664,http://bioguide.congress.gov/scripts/biodisplay.pl?index=B000664,NA
"Branch, John",Senator,Crawford Republican,NC,1782,1863,18,John Branch,B000763,http://bioguide.congress.gov/scripts/biodisplay.pl?index=B000763,NA
"Brent, William Leigh",Representative,Adams-Clay Republican,LA,1784,1848,18,William Leigh Brent,B000803,http://bioguide.congress.gov/scripts/biodisplay.pl?index=B000803,NA
"Buck, Daniel Azro Ashley",Representative,Adams-Clay Republican,VT,1789,1841,18,Daniel Azro Ashley Buck,B001015,http://bioguide.congress.gov/scripts/biodisplay.pl?index=B001015,NA
"Buckner, Richard Aylett",Representative,Adams-Clay Republican,KY,1763,1847,18,Richard Aylett Buckner,B001033,http://bioguide.congress.gov/scripts/biodisplay.pl?index=B001033,NA
"Cady, John Watts",Representative,Adams-Clay Republican,NY,1790,1854,18,John Watts Cady,C000015,http://bioguide.congress.gov/scripts/biodisplay.pl?index=C000015,NA
"Campbell, Robert Blair",Representative,Jackson Republican,SC,NA,1862,18,Robert Blair Campbell,C000098,http://bioguide.congress.gov/scripts/biodisplay.pl?index=C000098,NA
"Cary, George",Representative,Crawford Republicans,GA,1789,1843,18,George Cary,C000212,http://bioguide.congress.gov/scripts/biodisplay.pl?index=C000212,NA
"Crowninshield, Benjamin Williams",Representative,Adams-Clay Republican,MA,1772,1851,18,Benjamin Williams Crowninshield,C000946,http://bioguide.congress.gov/scripts/biodisplay.pl?index=C000946,NA
"Foote, Charles Augustus",Representative,Crawford Republicans,NY,1785,1828,18,Charles Augustus Foote,F000249,http://bioguide.congress.gov/scripts/biodisplay.pl?index=F000249,NA
"Gatlin, Alfred Moore",Representative,Crawford Republican,NC,1790,1841,18,Alfred Moore Gatlin,G000099,http://bioguide.congress.gov/scripts/biodisplay.pl?index=G000099,NA
"Gazlay, James William",Representative,Jackson Republican,OH,1784,1874,18,James William Gazlay,G000109,http://bioguide.congress.gov/scripts/biodisplay.pl?index=G000109,NA
"Gurley, Henry Hosford",Representative,Adams-Clay Republican,LA,1788,1833,18,Henry Hosford Gurley,G000529,http://bioguide.congress.gov/scripts/biodisplay.pl?index=G000529,NA
"Hayne, Robert Young",Senator,Jackson Republican,SC,1791,1839,18,Robert Young Hayne,H000398,http://bioguide.congress.gov/scripts/biodisplay.pl?index=H000398,NA
"Henry, Robert Pryor",Representative,Jackson Republican,KY,1788,1826,18,Robert Pryor Henry,H000517,http://bioguide.congress.gov/scripts/biodisplay.pl?index=H000517,NA
"Hogeboom, James Lawrence",Representative,Crawford Republican,NY,1766,1839,18,James Lawrence Hogeboom,H000700,http://bioguide.congress.gov/scripts/biodisplay.pl?index=H000700,NA
"Johnson, Joseph",Representative,Jackson Republican,VA,1785,1877,18,Joseph Johnson,J000155,http://bioguide.congress.gov/scripts/biodisplay.pl?index=J000155,NA
"Letcher, Robert Perkins",Representative,Adams-Clay Republican,KY,1788,1861,18,Robert Perkins Letcher,L000257,http://bioguide.congress.gov/scripts/biodisplay.pl?index=L000257,NA
"Longfellow, Stephen",Representative,Adams-Clay Federalist,ME,1775,1849,18,Stephen Longfellow,L000430,http://bioguide.congress.gov/scripts/biodisplay.pl?index=L000430,NA
"Mangum, Willie Person",Representative,Jacksonian,NC,1792,1861,18,Willie Person Mangum,M000096,http://bioguide.congress.gov/scripts/biodisplay.pl?index=M000096,NA
"Markley, Philip Swenk",Representative,Jackson Republican,PA,1789,1834,18,Philip Swenk Markley,M000135,http://bioguide.congress.gov/scripts/biodisplay.pl?index=M000135,NA
"Martindale, Henry Clinton",Representative,Adams-Clay Federalist,NY,1780,1860,18,Henry Clinton Martindale,M000204,http://bioguide.congress.gov/scripts/biodisplay.pl?index=M000204,NA
"Mcilvaine, Joseph",Senator,Adams-Clay Republican,NJ,1769,1826,18,Joseph Mcilvaine,M000475,http://bioguide.congress.gov/scripts/biodisplay.pl?index=M000475,NA
"Mckean, Samuel",Representative,Jacksonian,PA,1787,1841,18,Samuel Mckean,M000492,http://bioguide.congress.gov/scripts/biodisplay.pl?index=M000492,NA
"Mckee, John",Representative,Jackson Republican,AL,1771,1832,18,John Mckee,M000495,http://bioguide.congress.gov/scripts/biodisplay.pl?index=M000495,NA
"Mclean, William",Representative,Adams-Clay Republican,OH,1794,1839,18,William Mclean,M000552,http://bioguide.congress.gov/scripts/biodisplay.pl?index=M000552,NA
"Mitchell, George Edward",Representative,Adams-Clay Republican,MD,1781,1832,18,George Edward Mitchell,M000810,http://bioguide.congress.gov/scripts/biodisplay.pl?index=M000810,NA
"Moore, Thomas Patrick",Representative,Jackson Republican,KY,1797,1853,18,Thomas Patrick Moore,M000921,http://bioguide.congress.gov/scripts/biodisplay.pl?index=M000921,NA
"O'brien, Jeremiah",Representative,Adams-Clay Republican,ME,1778,1858,18,Jeremiah O'brien,O000013,http://bioguide.congress.gov/scripts/biodisplay.pl?index=O000013,NA
"Owen, George Washington",Representative,Jackson Republican,AL,1796,1837,18,George Washington Owen,O000150,http://bioguide.congress.gov/scripts/biodisplay.pl?index=O000150,NA
"Rives, William Cabell",Representative,Jacksonian,VA,1793,1868,18,William Cabell Rives,R000285,http://bioguide.congress.gov/scripts/biodisplay.pl?index=R000285,NA
"Rose, Robert Selden",Representative,Adams-Clay Republican,NY,1774,1835,18,Robert Selden Rose,R000439,http://bioguide.congress.gov/scripts/biodisplay.pl?index=R000439,NA
"Spaight, Richard Dobbs, Jr.",Representative,Crawford Republican,NC,1796,1850,18,Richard Dobbs Spaight,S000694,http://bioguide.congress.gov/scripts/biodisplay.pl?index=S000694,NA
"Spence, John Selby",Representative,Anti-Jacksonian,MD,1788,1840,18,John Selby Spence,S000719,http://bioguide.congress.gov/scripts/biodisplay.pl?index=S000719,NA
"Standifer, James Israel",Representative,Jackson Republican,TN,1782,1837,18,James Israel Standifer,S000789,http://bioguide.congress.gov/scripts/biodisplay.pl?index=S000789,NA
"Vance, Robert Brank",Representative,NA,NC,1793,1827,18,Robert Brank Vance,V000018,http://bioguide.congress.gov/scripts/biodisplay.pl?index=V000018,NA
"Vinton, Samuel Finley",Representative,Whig,OH,1792,1862,18,Samuel Finley Vinton,V000107,http://bioguide.congress.gov/scripts/biodisplay.pl?index=V000107,NA
"White, David",Representative,Adams-Clay Republican,KY,1785,1834,18,David White,W000363,http://bioguide.congress.gov/scripts/biodisplay.pl?index=W000363,NA
"Wickliffe, Charles Anderson",Representative,Jackson Republican,KY,1788,1869,18,Charles Anderson Wickliffe,W000442,http://bioguide.congress.gov/scripts/biodisplay.pl?index=W000442,NA
"Addams, William",Representative,Jacksonian,PA,1777,1858,19,William Addams,A000053,http://bioguide.congress.gov/scripts/biodisplay.pl?index=A000053,NA
"Barney, John",Representative,Adams,MD,1785,1857,19,John Barney,B000162,http://bioguide.congress.gov/scripts/biodisplay.pl?index=B000162,NA
"Barringer, Daniel Laurens",Representative,Jacksonian,NC,1788,1852,19,Daniel Laurens Barringer,B000181,http://bioguide.congress.gov/scripts/biodisplay.pl?index=B000181,NA
"Berrien, John Macpherson",Senator,Jacksonian,GA,1781,1856,19,John Macpherson Berrien,B000413,http://bioguide.congress.gov/scripts/biodisplay.pl?index=B000413,NA
"Bryan, John Heritage",Representative,Jacksonian,NC,1798,1870,19,John Heritage Bryan,B000988,http://bioguide.congress.gov/scripts/biodisplay.pl?index=B000988,NA
"Carson, Samuel Price",Representative,Jacksonian,NC,1798,1838,19,Samuel Price Carson,C000193,http://bioguide.congress.gov/scripts/biodisplay.pl?index=C000193,NA
"Chambers, Ezekiel Forman",Senator,Adams,MD,1788,1867,19,Ezekiel Forman Chambers,C000282,http://bioguide.congress.gov/scripts/biodisplay.pl?index=C000282,NA
"Chambers, Henry H.",Senator,Jacksonian,AL,1790,1826,19,Henry H. Chambers,C000284,http://bioguide.congress.gov/scripts/biodisplay.pl?index=C000284,NA
"Claiborne, Nathaniel Herbert",Representative,Jacksonian,VA,1777,1859,19,Nathaniel Herbert Claiborne,C000405,http://bioguide.congress.gov/scripts/biodisplay.pl?index=C000405,NA
"Crump, George William",Representative,Jacksonian,VA,1786,1848,19,George William Crump,C000956,http://bioguide.congress.gov/scripts/biodisplay.pl?index=C000956,NA
"Drayton, William",Representative,Jacksonian,SC,1776,1846,19,William Drayton,D000490,http://bioguide.congress.gov/scripts/biodisplay.pl?index=D000490,NA
"Eastman, Nehemiah",Representative,Adams,NH,1782,1856,19,Nehemiah Eastman,E000021,http://bioguide.congress.gov/scripts/biodisplay.pl?index=E000021,NA
"Ellis, Powhatan",Senator,Jacksonian,MS,1790,1863,19,Powhatan Ellis,E000136,http://bioguide.congress.gov/scripts/biodisplay.pl?index=E000136,NA
"Estil, Benjamin",Representative,Adams,VA,1780,1853,19,Benjamin Estil,E000223,http://bioguide.congress.gov/scripts/biodisplay.pl?index=E000223,NA
"Forward, Chauncey",Representative,Jacksonian,PA,1793,1839,19,Chauncey Forward,F000290,http://bioguide.congress.gov/scripts/biodisplay.pl?index=F000290,NA
"Garnsey, Daniel Greene",Representative,Adams,NY,1779,1851,19,Daniel Greene Garnsey,G000078,http://bioguide.congress.gov/scripts/biodisplay.pl?index=G000078,NA
"Haile, William",Representative,Jacksonian,MS,1797,1837,19,William Haile,H000022,http://bioguide.congress.gov/scripts/biodisplay.pl?index=H000022,NA
"Harper, William",Senator,Jacksonian,SC,1790,1847,19,William Harper,H000226,http://bioguide.congress.gov/scripts/biodisplay.pl?index=H000226,NA
"Haynes, Charles Eaton",Representative,Jacksonian,GA,1784,1841,19,Charles Eaton Haynes,H000399,http://bioguide.congress.gov/scripts/biodisplay.pl?index=H000399,NA
"Henry, John Flournoy",Representative,Adams,KY,1793,1873,19,John Flournoy Henry,H000509,http://bioguide.congress.gov/scripts/biodisplay.pl?index=H000509,NA
"Ingersoll, Ralph Isaacs",Representative,Adams,CT,1789,1872,19,Ralph Isaacs Ingersoll,I000020,http://bioguide.congress.gov/scripts/biodisplay.pl?index=I000020,NA
"Johnson, Jeromus",Representative,Jacksonian,NY,1775,1846,19,Jeromus Johnson,J000152,http://bioguide.congress.gov/scripts/biodisplay.pl?index=J000152,NA
"Kane, Elias Kent",Senator,Jacksonian,IL,1794,1835,19,Elias Kent Kane,K000006,http://bioguide.congress.gov/scripts/biodisplay.pl?index=K000006,NA
"Kittera, Thomas",Representative,Adams,PA,1789,1839,19,Thomas Kittera,K000254,http://bioguide.congress.gov/scripts/biodisplay.pl?index=K000254,NA
"Krebs, Jacob",Representative,Jacksonian,PA,1782,1847,19,Jacob Krebs,K000324,http://bioguide.congress.gov/scripts/biodisplay.pl?index=K000324,NA
"Marable, John Hartwell",Representative,Jacksonian,TN,1786,1844,19,John Hartwell Marable,M000120,http://bioguide.congress.gov/scripts/biodisplay.pl?index=M000120,NA
"Martin, Robert Nicols",Representative,Adams,MD,1798,1870,19,Robert Nicols Martin,M000198,http://bioguide.congress.gov/scripts/biodisplay.pl?index=M000198,NA
"Mchatton, Robert Lytle",Representative,Jacksonian,KY,1788,1835,19,Robert Lytle Mchatton,M000467,http://bioguide.congress.gov/scripts/biodisplay.pl?index=M000467,NA
"Mckinley, John",Senator,Jacksonian,AL,1780,1852,19,John Mckinley,M000519,http://bioguide.congress.gov/scripts/biodisplay.pl?index=M000519,NA
"Mcmanus, William",Representative,Adams,NY,1780,1835,19,William Mcmanus,M000562,http://bioguide.congress.gov/scripts/biodisplay.pl?index=M000562,NA
"Mitchell, James Coffield",Representative,Jacksonian,TN,1786,1843,19,James Coffield Mitchell,M000815,http://bioguide.congress.gov/scripts/biodisplay.pl?index=M000815,NA
"Orr, Robert, Jr.",Representative,Jacksonian,PA,1786,1876,19,Robert Orr,O000105,http://bioguide.congress.gov/scripts/biodisplay.pl?index=O000105,NA
"Pearce, Dutee Jerauld",Representative,Adams,RI,1789,1849,19,Dutee Jerauld Pearce,P000160,http://bioguide.congress.gov/scripts/biodisplay.pl?index=P000160,NA
"Polk, James Knox",Representative,Democrat,TN,1795,1849,19,James Knox Polk,P000409,http://bioguide.congress.gov/scripts/biodisplay.pl?index=P000409,NA
"Reed, Thomas Buck",Senator,Jacksonian,MS,1787,1829,19,Thomas Buck Reed,R000129,http://bioguide.congress.gov/scripts/biodisplay.pl?index=R000129,NA
"Ripley, James Wheelock",Representative,Jacksonian,ME,1786,1835,19,James Wheelock Ripley,R000266,http://bioguide.congress.gov/scripts/biodisplay.pl?index=R000266,NA
"Ross, Henry Howard",Representative,Adams,NY,1790,1862,19,Henry Howard Ross,R000447,http://bioguide.congress.gov/scripts/biodisplay.pl?index=R000447,NA
"Sill, Thomas Hale",Representative,Adams,PA,1783,1856,19,Thomas Hale Sill,S000410,http://bioguide.congress.gov/scripts/biodisplay.pl?index=S000410,NA
"Thomson, John",Representative,Jacksonian,OH,1780,1852,19,John Thomson,T000230,http://bioguide.congress.gov/scripts/biodisplay.pl?index=T000230,NA
"Van Horne, Espy",Representative,NA,PA,1795,1829,19,Espy Van Horne,V000044,http://bioguide.congress.gov/scripts/biodisplay.pl?index=V000044,NA
"Verplanck, Gulian Crommelin",Representative,Jacksonian,NY,1786,1870,19,Gulian Crommelin Verplanck,V000089,http://bioguide.congress.gov/scripts/biodisplay.pl?index=V000089,NA
"Wales, George Edward",Representative,NA,VT,1792,1860,19,George Edward Wales,W000042,http://bioguide.congress.gov/scripts/biodisplay.pl?index=W000042,NA
"Weems, John Crompton",Representative,NA,MD,1778,1862,19,John Crompton Weems,W000250,http://bioguide.congress.gov/scripts/biodisplay.pl?index=W000250,NA
"White, Bartow",Representative,NA,NY,1776,1862,19,Bartow White,W000356,http://bioguide.congress.gov/scripts/biodisplay.pl?index=W000356,NA
"White, Hugh Lawson",Senator,Jacksonian,TN,1773,1840,19,Hugh Lawson White,W000376,http://bioguide.congress.gov/scripts/biodisplay.pl?index=W000376,NA
"Whitmore, Elias",Representative,NA,NY,1772,1853,19,Elias Whitmore,W000423,http://bioguide.congress.gov/scripts/biodisplay.pl?index=W000423,NA
"Worthington, Thomas Contee",Representative,NA,MD,1782,1847,19,Thomas Contee Worthington,W000751,http://bioguide.congress.gov/scripts/biodisplay.pl?index=W000751,NA
"Young, William Singleton",Representative,NA,KY,1790,1827,19,William Singleton Young,Y000057,http://bioguide.congress.gov/scripts/biodisplay.pl?index=Y000057,NA
