meae_id,type,congress,state,geography,level,election_id,election_office,district,year,election_type
meae.congressional.congress02.ct.county,congressional,2,CT,county,state,ct.congress.1790,U.S. House of Representatives,NA,1790,general
meae.congressional.congress03.ct.county,congressional,3,CT,county,state,ct.congress.1792,U.S. House of Representatives,NA,1792,general
meae.congressional.congress04.ct.county,congressional,4,CT,county,state,ct.congress.1794,U.S. House of Representatives,NA,1794,general
meae.congressional.congress05.ct.county,congressional,5,CT,county,state,ct.congress.1796,U.S. House of Representatives,NA,1796,general
meae.congressional.congress06.ct.county,congressional,6,CT,county,state,ct.congress.1798,U.S. House of Representatives,NA,1798,general
meae.congressional.congress07.ct.county,congressional,7,CT,county,state,ct.congress.1800,U.S. House of Representatives,NA,1800,general
meae.congressional.congress08.ct.county,congressional,8,CT,county,state,ct.congress.1802,U.S. House of Representatives,NA,1802,general
meae.congressional.congress09.ct.county,congressional,9,CT,county,state,ct.congress.1804,U.S. House of Representatives,NA,1804,general
meae.congressional.congress10.ct.county,congressional,10,CT,county,state,ct.congress.1806,U.S. House of Representatives,NA,1806,general
meae.congressional.congress11.ct.county,congressional,11,CT,county,state,ct.congress.1808,U.S. House of Representatives,NA,1808,general
meae.congressional.congress12.ct.county,congressional,12,CT,county,state,ct.congress.1810,U.S. House of Representatives,NA,1810,general
meae.congressional.congress13.ct.county,congressional,13,CT,county,state,ct.congress.1812,U.S. House of Representatives,NA,1812,general
meae.congressional.congress14.ct.county,congressional,14,CT,county,state,ct.congress.1814,U.S. House of Representatives,NA,1814,general
meae.congressional.congress15.ct.county,congressional,15,CT,county,state,ct.congress.1816,U.S. House of Representatives,NA,1816,general
meae.congressional.congress03.ky.county,congressional,3,KY,county,state,ky.uscongresssoutherndistrict.1792,U.S. House of Representatives,1,1792,general
meae.congressional.congress03.ky.county,congressional,3,KY,county,state,ky.uscongressnortherndistrict.1792,U.S. House of Representatives,2,1792,general
meae.congressional.congress05.ky.county,congressional,5,KY,county,state,ky.uscongressnortherndistrict.1796,U.S. House of Representatives,2,1796,general
meae.congressional.congress05.ky.county,congressional,5,KY,county,state,ky.uscongresssoutherndistrict.1796,U.S. House of Representatives,1,1796,general
meae.congressional.congress06.ky.county,congressional,6,KY,county,state,ky.uscongresssoutherndistrict.1799,U.S. House of Representatives,1,1799,general
meae.congressional.congress07.ky.county,congressional,7,KY,county,state,ky.uscongresssoutherndistrict.1801,U.S. House of Representatives,1,1801,general
meae.congressional.congress08.ky.county,congressional,8,KY,county,state,ky.uscongress5.1803,U.S. House of Representatives,5,1803,general
meae.congressional.congress08.ky.county,congressional,8,KY,county,state,ky.uscongress3.1803,U.S. House of Representatives,3,1803,general
meae.congressional.congress08.ky.county,congressional,8,KY,county,state,ky.uscongress2.1803,U.S. House of Representatives,2,1803,general
meae.congressional.congress08.ky.county,congressional,8,KY,county,state,ky.uscongress1.1803,U.S. House of Representatives,1,1803,general
meae.congressional.congress09.ky.county,congressional,9,KY,county,state,ky.uscongress3.1804,U.S. House of Representatives,3,1804,general
meae.congressional.congress09.ky.county,congressional,9,KY,county,state,ky.uscongress4.1804,U.S. House of Representatives,4,1804,general
meae.congressional.congress09.ky.county,congressional,9,KY,county,state,ky.uscongress2.1804,U.S. House of Representatives,2,1804,general
meae.congressional.congress09.ky.county,congressional,9,KY,county,state,ky.uscongress1.1804,U.S. House of Representatives,1,1804,general
meae.congressional.congress10.ky.county,congressional,10,KY,county,state,ky.uscongress6.1806,U.S. House of Representatives,6,1806,general
meae.congressional.congress10.ky.county,congressional,10,KY,county,state,ky.uscongress2.1806,U.S. House of Representatives,2,1806,general
meae.congressional.congress11.ky.county,congressional,11,KY,county,state,ky.uscongress6.1808,U.S. House of Representatives,6,1808,general
meae.congressional.congress11.ky.county,congressional,11,KY,county,state,ky.uscongress1.1808,U.S. House of Representatives,1,1808,general
meae.congressional.congress12.ky.county,congressional,12,KY,county,state,ky.uscongress5.1810,U.S. House of Representatives,5,1810,general
meae.congressional.congress12.ky.county,congressional,12,KY,county,state,ky.uscongress6.1810,U.S. House of Representatives,6,1810,general
meae.congressional.congress12.ky.county,congressional,12,KY,county,state,ky.uscongress3.1810,U.S. House of Representatives,3,1810,general
meae.congressional.congress12.ky.county,congressional,12,KY,county,state,ky.uscongress2.1810,U.S. House of Representatives,2,1810,general
meae.congressional.congress12.ky.county,congressional,12,KY,county,state,ky.uscongress1.1810,U.S. House of Representatives,1,1810,general
meae.congressional.congress13.ky.county,congressional,13,KY,county,state,ky.uscongress9.1812,U.S. House of Representatives,9,1812,general
meae.congressional.congress13.ky.county,congressional,13,KY,county,state,ky.uscongress8.1812,U.S. House of Representatives,8,1812,general
meae.congressional.congress13.ky.county,congressional,13,KY,county,state,ky.uscongress10.1812,U.S. House of Representatives,10,1812,general
meae.congressional.congress14.ky.county,congressional,14,KY,county,state,ky.uscongress2.1814,U.S. House of Representatives,2,1814,general
meae.congressional.congress14.ky.county,congressional,14,KY,county,state,ky.uscongress10.1814,U.S. House of Representatives,10,1814,general
meae.congressional.congress14.ky.county,congressional,14,KY,county,state,ky.uscongress6.1814,U.S. House of Representatives,6,1814,general
meae.congressional.congress14.ky.county,congressional,14,KY,county,state,ky.uscongress9.1814,U.S. House of Representatives,9,1814,general
meae.congressional.congress14.ky.county,congressional,14,KY,county,state,ky.uscongress8.1814,U.S. House of Representatives,8,1814,general
meae.congressional.congress15.ky.county,congressional,15,KY,county,state,ky.uscongress9.1816,U.S. House of Representatives,9,1816,general
meae.congressional.congress16.ky.county,congressional,16,KY,county,state,ky.uscongress9.1818,U.S. House of Representatives,9,1818,general
meae.congressional.congress16.ky.county,congressional,16,KY,county,state,ky.uscongress8.1818,U.S. House of Representatives,8,1818,general
meae.congressional.congress16.ky.county,congressional,16,KY,county,state,ky.uscongress7.1818,U.S. House of Representatives,7,1818,general
meae.congressional.congress17.ky.county,congressional,17,KY,county,state,ky.uscongress10.1820,U.S. House of Representatives,10,1820,general
meae.congressional.congress17.ky.county,congressional,17,KY,county,state,ky.uscongress5.1820,U.S. House of Representatives,5,1820,general
meae.congressional.congress17.ky.county,congressional,17,KY,county,state,ky.uscongress4.1820,U.S. House of Representatives,4,1820,general
meae.congressional.congress17.ky.county,congressional,17,KY,county,state,ky.uscongress9.1820,U.S. House of Representatives,9,1820,general
meae.congressional.congress18.ky.county,congressional,18,KY,county,state,ky.uscongress8.1822,U.S. House of Representatives,8,1822,general
meae.congressional.congress18.ky.county,congressional,18,KY,county,state,ky.uscongress12.1822,U.S. House of Representatives,12,1822,general
meae.congressional.congress18.ky.county,congressional,18,KY,county,state,ky.uscongress11.1822,U.S. House of Representatives,11,1822,general
meae.congressional.congress18.ky.county,congressional,18,KY,county,state,ky.uscongress10.1822,U.S. House of Representatives,10,1822,general
meae.congressional.congress19.ky.county,congressional,19,KY,county,state,ky.uscongress12.1824,U.S. House of Representatives,12,1824,general
meae.congressional.congress19.ky.county,congressional,19,KY,county,state,ky.uscongress1.1824,U.S. House of Representatives,1,1824,general
meae.congressional.congress12.la.county,congressional,12,LA,county,state,la.uscongress12thspecial.1812,U.S. House of Representatives,NA,1812,special
meae.congressional.congress15.la.county,congressional,15,LA,county,state,la.uscongress.1816,U.S. House of Representatives,NA,1816,general
meae.congressional.congress17.la.county,congressional,17,LA,county,state,la.uscongress.1820,U.S. House of Representatives,NA,1820,general
meae.congressional.congress18.la.county,congressional,18,LA,county,state,la.uscongress3.1822,U.S. House of Representatives,3,1822,general
meae.congressional.congress18.la.county,congressional,18,LA,county,state,la.uscongress2.1822,U.S. House of Representatives,2,1822,general
meae.congressional.congress18.la.county,congressional,18,LA,county,state,la.uscongress1.1822,U.S. House of Representatives,1,1822,general
meae.congressional.congress19.la.county,congressional,19,LA,county,state,la.uscongress2.1824,U.S. House of Representatives,2,1824,general
meae.congressional.congress19.la.county,congressional,19,LA,county,state,la.uscongress1.1824,U.S. House of Representatives,1,1824,general
meae.congressional.congress19.la.county,congressional,19,LA,county,state,la.uscongress3.1824,U.S. House of Representatives,3,1824,general
meae.congressional.congress13.ma.county,congressional,13,MA,county,state,ma.uscongress.hampshirenorth.1812,U.S. House of Representatives,6,1812,general
meae.congressional.congress18.ma.county,congressional,18,MA,county,state,ma.uscongress.suffolk.1822,U.S. House of Representatives,1,1822,general
meae.congressional.congress17.me.county,congressional,17,ME,county,state,me.uscongress4.thirdrunoff.1821,U.S. House of Representatives,4,1821,general
meae.congressional.congress01.nc.county,congressional,1,NC,county,state,nc.uscongress5.1790,U.S. House of Representatives,5,1790,general
meae.congressional.congress02.nc.county,congressional,2,NC,county,state,nc.uscongress3.1791,U.S. House of Representatives,3,1791,general
meae.congressional.congress03.nc.county,congressional,3,NC,county,state,nc.uscongress9.1793,U.S. House of Representatives,9,1793,general
meae.congressional.congress03.nc.county,congressional,3,NC,county,state,nc.uscongress5.1793,U.S. House of Representatives,5,1793,general
meae.congressional.congress03.nc.county,congressional,3,NC,county,state,nc.uscongress2.1793,U.S. House of Representatives,2,1793,general
meae.congressional.congress03.nc.county,congressional,3,NC,county,state,nc.uscongress10.1793,U.S. House of Representatives,10,1793,general
meae.congressional.congress03.nc.county,congressional,3,NC,county,state,nc.uscongress1.1793,U.S. House of Representatives,1,1793,general
meae.congressional.congress04.nc.county,congressional,4,NC,county,state,nc.uscongress5.1795,U.S. House of Representatives,5,1795,general
meae.congressional.congress04.nc.county,congressional,4,NC,county,state,nc.uscongress7.1795,U.S. House of Representatives,7,1795,general
meae.congressional.congress04.nc.county,congressional,4,NC,county,state,nc.uscongress2.1795,U.S. House of Representatives,2,1795,general
meae.congressional.congress05.nc.county,congressional,5,NC,county,state,nc.uscongress2.1796,U.S. House of Representatives,2,1796,general
meae.congressional.congress05.nc.county,congressional,5,NC,county,state,nc.uscongress1.1796,U.S. House of Representatives,1,1796,general
meae.congressional.congress06.nc.county,congressional,6,NC,county,state,nc.uscongress7.1798,U.S. House of Representatives,7,1798,general
meae.congressional.congress06.nc.county,congressional,6,NC,county,state,nc.uscongress5.1798,U.S. House of Representatives,5,1798,general
meae.congressional.congress07.nc.county,congressional,7,NC,county,state,nc.uscongress1.1800,U.S. House of Representatives,1,1800,general
meae.congressional.congress09.nc.county,congressional,9,NC,county,state,nc.uscongress10.1804,U.S. House of Representatives,10,1804,general
meae.congressional.congress10.nc.county,congressional,10,NC,county,state,nc.uscongress4.1806,U.S. House of Representatives,4,1806,general
meae.congressional.congress11.nc.county,congressional,11,NC,county,state,nc.uscongress5.1808,U.S. House of Representatives,5,1808,general
meae.congressional.congress12.nc.county,congressional,12,NC,county,state,nc.uscongress8.1810,U.S. House of Representatives,8,1810,general
meae.congressional.congress12.nc.county,congressional,12,NC,county,state,nc.uscongress6.1810,U.S. House of Representatives,6,1810,general
meae.congressional.congress12.nc.county,congressional,12,NC,county,state,nc.uscongress3.1810,U.S. House of Representatives,3,1810,general
meae.congressional.congress12.nc.county,congressional,12,NC,county,state,nc.uscongress12.1810,U.S. House of Representatives,12,1810,general
meae.congressional.congress13.nc.county,congressional,13,NC,county,state,nc.uscongress6.1813,U.S. House of Representatives,6,1813,general
meae.congressional.congress13.nc.county,congressional,13,NC,county,state,nc.uscongress5.1813,U.S. House of Representatives,5,1813,general
meae.congressional.congress14.nc.county,congressional,14,NC,county,state,nc.uscongress5.1815,U.S. House of Representatives,5,1815,general
meae.congressional.congress14.nc.county,congressional,14,NC,county,state,nc.uscongress4.1815,U.S. House of Representatives,4,1815,general
meae.congressional.congress15.nc.county,congressional,15,NC,county,state,nc.uscongress3.1817,U.S. House of Representatives,3,1817,general
meae.congressional.congress15.nc.county,congressional,15,NC,county,state,nc.uscongress2.1817,U.S. House of Representatives,2,1817,general
meae.congressional.congress15.nc.county,congressional,15,NC,county,state,nc.uscongress13.1817,U.S. House of Representatives,13,1817,general
meae.congressional.congress15.nc.county,congressional,15,NC,county,state,nc.uscongress11.1817,U.S. House of Representatives,11,1817,general
meae.congressional.congress16.nc.county,congressional,16,NC,county,state,nc.uscongress4.1819,U.S. House of Representatives,4,1819,general
meae.congressional.congress16.nc.county,congressional,16,NC,county,state,nc.uscongress2.1819,U.S. House of Representatives,2,1819,general
meae.congressional.congress16.nc.county,congressional,16,NC,county,state,nc.uscongress13.1819,U.S. House of Representatives,13,1819,general
meae.congressional.congress16.nc.county,congressional,16,NC,county,state,nc.uscongress11.1819,U.S. House of Representatives,11,1819,general
meae.congressional.congress17.nc.county,congressional,17,NC,county,state,nc.uscongress9.1821,U.S. House of Representatives,9,1821,general
meae.congressional.congress17.nc.county,congressional,17,NC,county,state,nc.uscongress13.1821,U.S. House of Representatives,13,1821,general
meae.congressional.congress18.nc.county,congressional,18,NC,county,state,nc.uscongress8.1823,U.S. House of Representatives,8,1823,general
meae.congressional.congress18.nc.county,congressional,18,NC,county,state,nc.uscongress5.1823,U.S. House of Representatives,5,1823,general
meae.congressional.congress18.nc.county,congressional,18,NC,county,state,nc.uscongress2.1823,U.S. House of Representatives,2,1823,general
meae.congressional.congress01.nh.county,congressional,1,NH,county,state,nh.uscongress.1789,U.S. House of Representatives,NA,1789,general
meae.congressional.congress02.nh.county,congressional,2,NH,county,state,nh.uscongress.1790,U.S. House of Representatives,NA,1790,general
meae.congressional.congress03.nh.county,congressional,3,NH,county,state,nh.uscongress.1792,U.S. House of Representatives,NA,1792,general
meae.congressional.congress04.nh.county,congressional,4,NH,county,state,nh.uscongress.1794,U.S. House of Representatives,NA,1794,general
meae.congressional.congress05.nh.county,congressional,5,NH,county,state,nh.uscongress.1796,U.S. House of Representatives,NA,1796,general
meae.congressional.congress01.ny.county,congressional,1,NY,county,state,ny.uscongress6.1789,U.S. House of Representatives,6,1789,general
meae.congressional.congress01.ny.county,congressional,1,NY,county,state,ny.uscongress4.1789,U.S. House of Representatives,4,1789,general
meae.congressional.congress01.ny.county,congressional,1,NY,county,state,ny.uscongress3.1789,U.S. House of Representatives,3,1789,general
meae.congressional.congress01.ny.county,congressional,1,NY,county,state,ny.uscongress1.1789,U.S. House of Representatives,1,1789,general
meae.congressional.congress06.ny.county,congressional,6,NY,county,state,ny.uscongress8.1798,U.S. House of Representatives,8,1798,general
meae.congressional.congress18.ny.county,congressional,18,NY,county,state,ny.uscongress3.1822,U.S. House of Representatives,3,1822,general
meae.congressional.congress19.ny.county,congressional,19,NY,county,state,ny.uscongress3.1824,U.S. House of Representatives,3,1824,general
meae.congressional.congress17.oh.county,congressional,17,OH,county,state,oh.uscongress2.1820,U.S. House of Representatives,2,1820,general
meae.congressional.congress18.oh.county,congressional,18,OH,county,state,oh.uscongress4.1822,U.S. House of Representatives,4,1822,general
meae.congressional.congress02.pa.county,congressional,2,PA,county,state,pa.uscongress5.1791,U.S. House of Representatives,5,1791,general
meae.congressional.congress02.pa.county,congressional,2,PA,county,state,pa.uscongress4.1791,U.S. House of Representatives,4,1791,general
meae.congressional.congress02.pa.county,congressional,2,PA,county,state,pa.uscongress2.1791,U.S. House of Representatives,2,1791,general
meae.congressional.congress02.pa.county,congressional,2,PA,county,state,pa.uscongress1.1791,U.S. House of Representatives,1,1791,general
meae.congressional.congress04.pa.county,congressional,4,PA,county,state,pa.uscongress11.1794,U.S. House of Representatives,11,1794,general
meae.congressional.congress04.pa.county,congressional,4,PA,county,state,pa.uscongress1.1794,U.S. House of Representatives,1,1794,general
meae.congressional.congress04.pa.county,congressional,4,PA,county,state,pa.uscongress7.1794,U.S. House of Representatives,7,1794,general
meae.congressional.congress04.pa.county,congressional,4,PA,county,state,pa.uscongress5.1794,U.S. House of Representatives,5,1794,general
meae.congressional.congress04.pa.county,congressional,4,PA,county,state,pa.uscongress8.1794,U.S. House of Representatives,8,1794,general
meae.congressional.congress05.pa.county,congressional,5,PA,county,state,pa.uscongress1.1796,U.S. House of Representatives,1,1796,general
meae.congressional.congress05.pa.county,congressional,5,PA,county,state,pa.uscongress11.1796,U.S. House of Representatives,11,1796,general
meae.congressional.congress06.pa.county,congressional,6,PA,county,state,pa.uscongress1.1798,U.S. House of Representatives,1,1798,general
meae.congressional.congress07.pa.county,congressional,7,PA,county,state,pa.uscongress7.1800,U.S. House of Representatives,7,1800,general
meae.congressional.congress07.pa.county,congressional,7,PA,county,state,pa.uscongress2.1800,U.S. House of Representatives,2,1800,general
meae.congressional.congress07.pa.county,congressional,7,PA,county,state,pa.uscongress1.1800,U.S. House of Representatives,1,1800,general
meae.congressional.congress09.pa.county,congressional,9,PA,county,state,pa.uscongress9.1804,U.S. House of Representatives,9,1804,general
meae.congressional.congress10.pa.county,congressional,10,PA,county,state,pa.uscongress8.1806,U.S. House of Representatives,8,1806,general
meae.congressional.congress12.pa.county,congressional,12,PA,county,state,pa.uscongress9.1810,U.S. House of Representatives,9,1810,general
meae.congressional.congress14.pa.county,congressional,14,PA,county,state,pa.uscongress13.1814,U.S. House of Representatives,13,1814,general
meae.congressional.congress18.pa.county,congressional,18,PA,county,state,pa.congress.2.1822,U.S. House of Representatives,2,1822,general
meae.congressional.congress19.pa.county,congressional,19,PA,county,state,pa.congress.3.1824,U.S. House of Representatives,3,1824,general
meae.congressional.congress19.pa.county,congressional,19,PA,county,state,pa.congress.2.1824,U.S. House of Representatives,2,1824,general
meae.congressional.congress19.pa.county,congressional,19,PA,county,state,pa.congress.14.1824,U.S. House of Representatives,14,1824,general
meae.congressional.congress01.ri.county,congressional,1,RI,county,state,ri.uscongress1.1790,U.S. House of Representatives,NA,1790,general
meae.congressional.congress02.ri.county,congressional,2,RI,county,state,ri.uscongress2.1790,U.S. House of Representatives,NA,1790,general
meae.congressional.congress03.ri.county,congressional,3,RI,county,state,ri.uscongress.1792,U.S. House of Representatives,NA,1792,general
meae.congressional.congress04.ri.county,congressional,4,RI,county,state,ri.uscongress2.1794,U.S. House of Representatives,NA,1794,general
meae.congressional.congress04.ri.county,congressional,4,RI,county,state,ri.uscongress1.1794,U.S. House of Representatives,NA,1794,general
meae.congressional.congress06.ri.county,congressional,6,RI,county,state,ri.uscongress.1strep.1798,U.S. House of Representatives,NA,1798,general
meae.congressional.congress16.ri.county,congressional,16,RI,county,state,ri.uscongress.1818,U.S. House of Representatives,NA,1818,general
meae.congressional.congress01.sc.county,congressional,1,SC,county,state,sc.uscongress.district5.1788,U.S. House of Representatives,5,1788,general
meae.congressional.congress01.sc.county,congressional,1,SC,county,state,sc.uscongress.district4.1788,U.S. House of Representatives,4,1788,general
meae.congressional.congress01.sc.county,congressional,1,SC,county,state,sc.uscongress.district3.1788,U.S. House of Representatives,3,1788,general
meae.congressional.congress01.sc.county,congressional,1,SC,county,state,sc.uscongress.district2.1788,U.S. House of Representatives,2,1788,general
meae.congressional.congress01.sc.county,congressional,1,SC,county,state,sc.uscongress.district1.1788,U.S. House of Representatives,1,1788,general
meae.congressional.congress02.sc.county,congressional,2,SC,county,state,sc.uscongress.district5.1790,U.S. House of Representatives,5,1790,general
meae.congressional.congress02.sc.county,congressional,2,SC,county,state,sc.uscongress.district4.1790,U.S. House of Representatives,4,1790,general
meae.congressional.congress02.sc.county,congressional,2,SC,county,state,sc.uscongress.district3.1790,U.S. House of Representatives,3,1790,general
meae.congressional.congress02.sc.county,congressional,2,SC,county,state,sc.uscongress.district2.1790,U.S. House of Representatives,2,1790,general
meae.congressional.congress02.sc.county,congressional,2,SC,county,state,sc.uscongress.district1.1790,U.S. House of Representatives,1,1790,general
meae.congressional.congress03.sc.county,congressional,3,SC,county,state,sc.uscongress.district6.1793,U.S. House of Representatives,6,1793,general
meae.congressional.congress03.sc.county,congressional,3,SC,county,state,sc.uscongress.district4.1793,U.S. House of Representatives,4,1793,general
meae.congressional.congress03.sc.county,congressional,3,SC,county,state,sc.uscongress.district3.1793,U.S. House of Representatives,3,1793,general
meae.congressional.congress03.sc.county,congressional,3,SC,county,state,sc.uscongress.district2.1793,U.S. House of Representatives,2,1793,general
meae.congressional.congress03.sc.county,congressional,3,SC,county,state,sc.uscongress.district1.1793,U.S. House of Representatives,1,1793,general
meae.congressional.congress03.sc.county,congressional,3,SC,county,state,sc.uscongress.district5.1793,U.S. House of Representatives,5,1793,general
meae.congressional.congress04.sc.county,congressional,4,SC,county,state,sc.uscongress.district3.1794,U.S. House of Representatives,5,1794,general
meae.congressional.congress04.sc.county,congressional,4,SC,county,state,sc.uscongress.district2.1794,U.S. House of Representatives,2,1794,general
meae.congressional.congress04.sc.county,congressional,4,SC,county,state,sc.uscongress.district1.1794,U.S. House of Representatives,1,1794,general
meae.congressional.congress05.sc.county,congressional,5,SC,county,state,sc.uscongress.washington.1796,U.S. House of Representatives,6,1796,general
meae.congressional.congress05.sc.county,congressional,5,SC,county,state,sc.uscongress.charleston.1796,U.S. House of Representatives,1,1796,general
meae.congressional.congress06.sc.county,congressional,6,SC,county,state,sc.uscongress.charleston.1798,U.S. House of Representatives,1,1798,general
meae.congressional.congress07.sc.county,congressional,7,SC,county,state,sc.uscongress.washington.1800,U.S. House of Representatives,6,1800,general
meae.congressional.congress07.sc.county,congressional,7,SC,county,state,sc.uscongress.ninety-six.1800,U.S. House of Representatives,5,1800,general
meae.congressional.congress07.sc.county,congressional,7,SC,county,state,sc.uscongress.georgetown.1800,U.S. House of Representatives,3,1800,general
meae.congressional.congress07.sc.county,congressional,7,SC,county,state,sc.uscongress.charleston.1800,U.S. House of Representatives,1,1800,general
meae.congressional.congress07.sc.county,congressional,7,SC,county,state,sc.uscongress.camden.1800,U.S. House of Representatives,4,1800,general
meae.congressional.congress07.sc.county,congressional,7,SC,county,state,sc.uscongress.beaufort.1800,U.S. House of Representatives,2,1800,general
meae.congressional.congress08.sc.county,congressional,8,SC,county,state,sc.uscongress.sumter.1803,U.S. House of Representatives,5,1803,general
meae.congressional.congress08.sc.county,congressional,8,SC,county,state,sc.uscongress.pendleton.1803,U.S. House of Representatives,8,1803,general
meae.congressional.congress08.sc.county,congressional,8,SC,county,state,sc.uscongress.orangeburg.1803,U.S. House of Representatives,4,1803,general
meae.congressional.congress08.sc.county,congressional,8,SC,county,state,sc.uscongress.georgetown.1803,U.S. House of Representatives,3,1803,general
meae.congressional.congress08.sc.county,congressional,8,SC,county,state,sc.uscongress.chester.1803,U.S. House of Representatives,7,1803,general
meae.congressional.congress08.sc.county,congressional,8,SC,county,state,sc.uscongress.charleston.1803,U.S. House of Representatives,1,1803,general
meae.congressional.congress08.sc.county,congressional,8,SC,county,state,sc.uscongress.abbeville.1803,U.S. House of Representatives,6,1803,general
meae.congressional.congress08.sc.county,congressional,8,SC,county,state,sc.uscongress.edgefield.1803,U.S. House of Representatives,2,1803,general
meae.congressional.congress09.sc.county,congressional,9,SC,county,state,sc.uscongress.sumter.1804,U.S. House of Representatives,5,1804,general
meae.congressional.congress09.sc.county,congressional,9,SC,county,state,sc.uscongress.orangeburg.1804,U.S. House of Representatives,4,1804,general
meae.congressional.congress09.sc.county,congressional,9,SC,county,state,sc.uscongress.abbeville.1804,U.S. House of Representatives,6,1804,general
meae.congressional.congress09.sc.county,congressional,9,SC,county,state,sc.uscongress.spartanburg.1804,U.S. House of Representatives,7,1804,general
meae.congressional.congress09.sc.county,congressional,9,SC,county,state,sc.uscongress.pendleton.1804,U.S. House of Representatives,8,1804,general
meae.congressional.congress09.sc.county,congressional,9,SC,county,state,sc.uscongress.georgetown.1804,U.S. House of Representatives,3,1804,general
meae.congressional.congress09.sc.county,congressional,9,SC,county,state,sc.uscongress.edgefield.1804,U.S. House of Representatives,2,1804,general
meae.congressional.congress09.sc.county,congressional,9,SC,county,state,sc.uscongress.charleston.1804,U.S. House of Representatives,1,1804,general
meae.congressional.congress10.sc.county,congressional,10,SC,county,state,sc.uscongress.charleston.1806,U.S. House of Representatives,2,1806,general
meae.congressional.congress10.sc.county,congressional,10,SC,county,state,sc.uscongress.sumter.1806,U.S. House of Representatives,5,1806,general
meae.congressional.congress10.sc.county,congressional,10,SC,county,state,sc.uscongress.spartanburg.1806,U.S. House of Representatives,7,1806,general
meae.congressional.congress10.sc.county,congressional,10,SC,county,state,sc.uscongress.pendleton.1806,U.S. House of Representatives,8,1806,general
meae.congressional.congress10.sc.county,congressional,10,SC,county,state,sc.uscongress.orangeburgh.1806,U.S. House of Representatives,4,1806,general
meae.congressional.congress10.sc.county,congressional,10,SC,county,state,sc.uscongress.newberry.specialelection.1807,U.S. House of Representatives,6,1807,special
meae.congressional.congress10.sc.county,congressional,10,SC,county,state,sc.uscongress.georgetown.1806,U.S. House of Representatives,3,1806,general
meae.congressional.congress10.sc.county,congressional,10,SC,county,state,sc.uscongress.beaufort.1806,U.S. House of Representatives,2,1806,general
meae.congressional.congress11.sc.county,congressional,11,SC,county,state,sc.uscongress.district7.1808,U.S. House of Representatives,7,1808,general
meae.congressional.congress11.sc.county,congressional,11,SC,county,state,sc.uscongress.district6.1808,U.S. House of Representatives,6,1808,general
meae.congressional.congress11.sc.county,congressional,11,SC,county,state,sc.uscongress.district5.1808,U.S. House of Representatives,5,1808,general
meae.congressional.congress11.sc.county,congressional,11,SC,county,state,sc.uscongress.district8.1808,U.S. House of Representatives,8,1808,general
meae.congressional.congress11.sc.county,congressional,11,SC,county,state,sc.uscongress.district4.1808,U.S. House of Representatives,4,1808,general
meae.congressional.congress11.sc.county,congressional,11,SC,county,state,sc.uscongress.district3.1808,U.S. House of Representatives,3,1808,general
meae.congressional.congress11.sc.county,congressional,11,SC,county,state,sc.uscongress.district2.1808,U.S. House of Representatives,2,1808,general
meae.congressional.congress11.sc.county,congressional,11,SC,county,state,sc.uscongress.district1.1808,U.S. House of Representatives,1,1808,general
meae.congressional.congress12.sc.county,congressional,12,SC,county,state,sc.uscongress.sumter.1810,U.S. House of Representatives,5,1810,general
meae.congressional.congress12.sc.county,congressional,12,SC,county,state,sc.uscongress.pendleton.1810,U.S. House of Representatives,8,1810,general
meae.congressional.congress12.sc.county,congressional,12,SC,county,state,sc.uscongress.orangeburgh.1810,U.S. House of Representatives,4,1810,general
meae.congressional.congress12.sc.county,congressional,12,SC,county,state,sc.uscongress.newberry.1810,U.S. House of Representatives,6,1810,general
meae.congressional.congress12.sc.county,congressional,12,SC,county,state,sc.uscongress.georgetown.1810,U.S. House of Representatives,3,1810,general
meae.congressional.congress12.sc.county,congressional,12,SC,county,state,sc.uscongress.edgefield.1810,U.S. House of Representatives,2,1810,general
meae.congressional.congress12.sc.county,congressional,12,SC,county,state,sc.uscongress.chester.1810,U.S. House of Representatives,7,1810,general
meae.congressional.congress12.sc.county,congressional,12,SC,county,state,sc.uscongress.charleston.1810,U.S. House of Representatives,1,1810,general
meae.congressional.congress13.sc.county,congressional,13,SC,county,state,sc.uscongress.sumter.1812,U.S. House of Representatives,9,1812,general
meae.congressional.congress13.sc.county,congressional,13,SC,county,state,sc.uscongress.pendleton.1812,U.S. House of Representatives,7,1812,general
meae.congressional.congress13.sc.county,congressional,13,SC,county,state,sc.uscongress.orangeburg.1812,U.S. House of Representatives,4,1812,general
meae.congressional.congress13.sc.county,congressional,13,SC,county,state,sc.uscongress.newberry.1812,U.S. House of Representatives,5,1812,general
meae.congressional.congress13.sc.county,congressional,13,SC,county,state,sc.uscongress.georgetown.1812,U.S. House of Representatives,3,1812,general
meae.congressional.congress13.sc.county,congressional,13,SC,county,state,sc.uscongress.edgefield.1812,U.S. House of Representatives,6,1812,general
meae.congressional.congress13.sc.county,congressional,13,SC,county,state,sc.uscongress.chester.1812,U.S. House of Representatives,8,1812,general
meae.congressional.congress13.sc.county,congressional,13,SC,county,state,sc.uscongress.charleston.1812,U.S. House of Representatives,1,1812,general
meae.congressional.congress13.sc.county,congressional,13,SC,county,state,sc.uscongress.beaufort.1812,U.S. House of Representatives,2,1812,general
meae.congressional.congress14.sc.county,congressional,14,SC,county,state,sc.uscongress.beaufort.1814,U.S. House of Representatives,2,1814,general
meae.congressional.congress14.sc.county,congressional,14,SC,county,state,sc.uscongress.georgetown.1814,U.S. House of Representatives,3,1814,general
meae.congressional.congress14.sc.county,congressional,14,SC,county,state,sc.uscongress.edgefield.1814,U.S. House of Representatives,6,1814,general
meae.congressional.congress14.sc.county,congressional,14,SC,county,state,sc.uscongress.chester.1814,U.S. House of Representatives,8,1814,general
meae.congressional.congress14.sc.county,congressional,14,SC,county,state,sc.uscongress.charleston.1814,U.S. House of Representatives,1,1814,general
meae.congressional.congress14.sc.county,congressional,14,SC,county,state,sc.uscongress.sumpter.1814,U.S. House of Representatives,9,1814,general
meae.congressional.congress14.sc.county,congressional,14,SC,county,state,sc.uscongress.pendleton.1814,U.S. House of Representatives,7,1814,general
meae.congressional.congress14.sc.county,congressional,14,SC,county,state,sc.uscongress.orangeburg.1814,U.S. House of Representatives,4,1814,general
meae.congressional.congress14.sc.county,congressional,14,SC,county,state,sc.uscongress.newberry.1814,U.S. House of Representatives,5,1814,general
meae.congressional.congress15.sc.county,congressional,15,SC,county,state,sc.uscongress.chester.1816,U.S. House of Representatives,8,1816,general
meae.congressional.congress15.sc.county,congressional,15,SC,county,state,sc.uscongress.charleston.1816,U.S. House of Representatives,1,1816,general
meae.congressional.congress15.sc.county,congressional,15,SC,county,state,sc.uscongress.beaufort.1816,U.S. House of Representatives,2,1816,general
meae.congressional.congress15.sc.county,congressional,15,SC,county,state,sc.uscongress.georgetown.1816,U.S. House of Representatives,3,1816,general
meae.congressional.congress15.sc.county,congressional,15,SC,county,state,sc.uscongress.sumpter.1816,U.S. House of Representatives,9,1816,general
meae.congressional.congress15.sc.county,congressional,15,SC,county,state,sc.uscongress.pendleton.1816,U.S. House of Representatives,7,1816,general
meae.congressional.congress15.sc.county,congressional,15,SC,county,state,sc.uscongress.orangeburg.1816,U.S. House of Representatives,4,1816,general
meae.congressional.congress15.sc.county,congressional,15,SC,county,state,sc.uscongress.newberry.1816,U.S. House of Representatives,5,1816,general
meae.congressional.congress15.sc.county,congressional,15,SC,county,state,sc.uscongress.edgefield.1816,U.S. House of Representatives,6,1816,general
meae.congressional.congress16.sc.county,congressional,16,SC,county,state,sc.uscongress.charleston.1818,U.S. House of Representatives,1,1818,general
meae.congressional.congress16.sc.county,congressional,16,SC,county,state,sc.uscongress.sumpter.1818,U.S. House of Representatives,9,1818,general
meae.congressional.congress16.sc.county,congressional,16,SC,county,state,sc.uscongress.pendleton.1818,U.S. House of Representatives,7,1818,general
meae.congressional.congress16.sc.county,congressional,16,SC,county,state,sc.uscongress.newberry.1818,U.S. House of Representatives,5,1818,general
meae.congressional.congress16.sc.county,congressional,16,SC,county,state,sc.uscongress.georgetown.1818,U.S. House of Representatives,3,1818,general
meae.congressional.congress16.sc.county,congressional,16,SC,county,state,sc.uscongress.edgefield.1818,U.S. House of Representatives,6,1818,general
meae.congressional.congress16.sc.county,congressional,16,SC,county,state,sc.uscongress.chester.1818,U.S. House of Representatives,8,1818,general
meae.congressional.congress16.sc.county,congressional,16,SC,county,state,sc.uscongress.beaufort.1818,U.S. House of Representatives,2,1818,general
meae.congressional.congress16.sc.county,congressional,16,SC,county,state,sc.uscongress.orangeburg.1818,U.S. House of Representatives,4,1818,general
meae.congressional.congress17.sc.county,congressional,17,SC,county,state,sc.uscongress.pendleton.1820,U.S. House of Representatives,7,1820,general
meae.congressional.congress17.sc.county,congressional,17,SC,county,state,sc.uscongress.orangeburgh.1820,U.S. House of Representatives,4,1820,general
meae.congressional.congress17.sc.county,congressional,17,SC,county,state,sc.uscongress.georgetown.1820,U.S. House of Representatives,3,1820,general
meae.congressional.congress17.sc.county,congressional,17,SC,county,state,sc.uscongress.fairfield.1820,U.S. House of Representatives,5,1820,general
meae.congressional.congress17.sc.county,congressional,17,SC,county,state,sc.uscongress.beaufort.1820,U.S. House of Representatives,2,1820,general
meae.congressional.congress17.sc.county,congressional,17,SC,county,state,sc.uscongress.edgefield.1820,U.S. House of Representatives,6,1820,general
meae.congressional.congress17.sc.county,congressional,17,SC,county,state,sc.uscongress.chester.1820,U.S. House of Representatives,8,1820,general
meae.congressional.congress17.sc.county,congressional,17,SC,county,state,sc.uscongress.charleston.1820,U.S. House of Representatives,1,1820,general
meae.congressional.congress17.sc.county,congressional,17,SC,county,state,sc.uscongress.kershaw.specialelection.1821,U.S. House of Representatives,9,1821,special
meae.congressional.congress18.sc.county,congressional,18,SC,county,state,sc.uscongress.pendleton.1823,U.S. House of Representatives,NA,1823,general
meae.congressional.congress18.sc.county,congressional,18,SC,county,state,sc.uscongress.orange.1823,U.S. House of Representatives,4,1823,general
meae.congressional.congress18.sc.county,congressional,18,SC,county,state,sc.uscongress.newberry.1823,U.S. House of Representatives,NA,1823,general
meae.congressional.congress18.sc.county,congressional,18,SC,county,state,sc.uscongress.kershaw.1823,U.S. House of Representatives,NA,1823,general
meae.congressional.congress18.sc.county,congressional,18,SC,county,state,sc.uscongress.georgetown.1823,U.S. House of Representatives,3,1823,general
meae.congressional.congress18.sc.county,congressional,18,SC,county,state,sc.uscongress.edgefield.1823,U.S. House of Representatives,NA,1823,general
meae.congressional.congress18.sc.county,congressional,18,SC,county,state,sc.uscongress.chester.1823,U.S. House of Representatives,NA,1823,general
meae.congressional.congress18.sc.county,congressional,18,SC,county,state,sc.uscongress.charleston.1823,U.S. House of Representatives,1,1823,general
meae.congressional.congress18.sc.county,congressional,18,SC,county,state,sc.uscongress.beaufort.1823,U.S. House of Representatives,2,1823,general
meae.congressional.congress19.sc.county,congressional,19,SC,county,state,sc.uscongress.orangeburgh.1824,U.S. House of Representatives,4,1824,general
meae.congressional.congress19.sc.county,congressional,19,SC,county,state,sc.uscongress.newberry.1824,U.S. House of Representatives,9,1824,general
meae.congressional.congress19.sc.county,congressional,19,SC,county,state,sc.uscongress.kershaw.1824,U.S. House of Representatives,8,1824,general
meae.congressional.congress19.sc.county,congressional,19,SC,county,state,sc.uscongress.georgetown.1824,U.S. House of Representatives,3,1824,general
meae.congressional.congress19.sc.county,congressional,19,SC,county,state,sc.uscongress.chester.1824,U.S. House of Representatives,7,1824,general
meae.congressional.congress19.sc.county,congressional,19,SC,county,state,sc.uscongress.charleston.1824,U.S. House of Representatives,1,1824,general
meae.congressional.congress19.sc.county,congressional,19,SC,county,state,sc.uscongress.beaufort.1824,U.S. House of Representatives,2,1824,general
meae.congressional.congress19.sc.county,congressional,19,SC,county,state,sc.uscongress.abbeville.1824,U.S. House of Representatives,5,1824,general
meae.congressional.congress19.sc.county,congressional,19,SC,county,state,sc.uscongress.pendleton.1824,U.S. House of Representatives,6,1824,general
meae.congressional.congress04.tn.county,congressional,4,TN,county,state,tn.uscongress.1796,U.S. House of Representatives,NA,1796,general
meae.congressional.congress07.tn.county,congressional,7,TN,county,state,tn.congress.1801,U.S. House of Representatives,NA,1801,general
meae.congressional.congress10.tn.county,congressional,10,TN,county,state,tn.congress.washington.1807,U.S. House of Representatives,1,1807,general
meae.congressional.congress10.tn.county,congressional,10,TN,county,state,tn.congress.mero.1807,U.S. House of Representatives,3,1807,general
meae.congressional.congress11.tn.county,congressional,11,TN,county,state,tn.congress.washington.1809,U.S. House of Representatives,1,1809,general
meae.congressional.congress12.tn.county,congressional,12,TN,county,state,tn.congress.2.1811,U.S. House of Representatives,2,1811,general
meae.congressional.congress12.tn.county,congressional,12,TN,county,state,tn.congress.1.1811,U.S. House of Representatives,1,1811,general
meae.congressional.congress13.tn.county,congressional,13,TN,county,state,tn.congress.4.1813,U.S. House of Representatives,4,1813,general
meae.congressional.congress13.tn.county,congressional,13,TN,county,state,tn.congress.2.1813,U.S. House of Representatives,2,1813,general
meae.congressional.congress13.tn.county,congressional,13,TN,county,state,tn.congress.1.1813,U.S. House of Representatives,1,1813,general
meae.congressional.congress13.tn.county,congressional,13,TN,county,state,tn.congress.6.1813,U.S. House of Representatives,6,1813,general
meae.congressional.congress01.va.county,congressional,1,VA,county,state,va.uscongress.6.1789,U.S. House of Representatives,6,1789,general
meae.congressional.congress01.va.county,congressional,1,VA,county,state,va.uscongress.2.1789,U.S. House of Representatives,2,1789,general
meae.congressional.congress01.va.county,congressional,1,VA,county,state,va.uscongress.10.1789,U.S. House of Representatives,10,1789,general
meae.congressional.congress01.va.county,congressional,1,VA,county,state,va.uscongress.1.1789,U.S. House of Representatives,1,1789,general
meae.congressional.congress02.va.county,congressional,2,VA,county,state,va.uscongress.3.1790,U.S. House of Representatives,3,1790,general
meae.congressional.congress02.va.county,congressional,2,VA,county,state,va.uscongress.2.1790,U.S. House of Representatives,2,1790,general
meae.congressional.congress02.va.county,congressional,2,VA,county,state,va.uscongress.10.1790,U.S. House of Representatives,10,1790,general
meae.congressional.congress02.va.county,congressional,2,VA,county,state,va.uscongress.1.1790,U.S. House of Representatives,1,1790,general
meae.congressional.congress03.va.county,congressional,3,VA,county,state,va.uscongress.2.1793,U.S. House of Representatives,2,1793,general
meae.congressional.congress03.va.county,congressional,3,VA,county,state,va.uscongress.17.1793,U.S. House of Representatives,17,1793,general
meae.congressional.congress03.va.county,congressional,3,VA,county,state,va.uscongress.14.1793,U.S. House of Representatives,14,1793,general
meae.congressional.congress03.va.county,congressional,3,VA,county,state,va.uscongress.13.1793,U.S. House of Representatives,13,1793,general
meae.congressional.congress03.va.county,congressional,3,VA,county,state,va.uscongress.12.1793,U.S. House of Representatives,12,1793,general
meae.congressional.congress03.va.county,congressional,3,VA,county,state,va.uscongress.6.1793,U.S. House of Representatives,6,1793,general
meae.congressional.congress03.va.county,congressional,3,VA,county,state,va.uscongress.4.1793,U.S. House of Representatives,4,1793,general
meae.congressional.congress04.va.county,congressional,4,VA,county,state,va.uscongress.14.1795,U.S. House of Representatives,14,1795,general
meae.congressional.congress04.va.county,congressional,4,VA,county,state,va.uscongress.12.1795,U.S. House of Representatives,12,1795,general
meae.congressional.congress04.va.county,congressional,4,VA,county,state,va.uscongress.11.1795,U.S. House of Representatives,11,1795,general
meae.congressional.congress04.va.county,congressional,4,VA,county,state,va.uscongress.1.1795,U.S. House of Representatives,1,1795,general
meae.congressional.congress04.va.county,congressional,4,VA,county,state,va.uscongress.4.1795,U.S. House of Representatives,4,1795,general
meae.congressional.congress04.va.county,congressional,4,VA,county,state,va.uscongress.19.1795,U.S. House of Representatives,19,1795,general
meae.congressional.congress04.va.county,congressional,4,VA,county,state,va.uscongress.18.1795,U.S. House of Representatives,18,1795,general
meae.congressional.congress04.va.county,congressional,4,VA,county,state,va.uscongress.17.1795,U.S. House of Representatives,17,1795,general
meae.congressional.congress04.va.county,congressional,4,VA,county,state,va.uscongress.15.1795,U.S. House of Representatives,15,1795,general
meae.congressional.congress05.va.county,congressional,5,VA,county,state,va.uscongress.4.1797,U.S. House of Representatives,4,1797,general
meae.congressional.congress05.va.county,congressional,5,VA,county,state,va.uscongress.14.1797,U.S. House of Representatives,14,1797,general
meae.congressional.congress05.va.county,congressional,5,VA,county,state,va.uscongress.6.1797,U.S. House of Representatives,6,1797,general
meae.congressional.congress05.va.county,congressional,5,VA,county,state,va.uscongress.11.1797,U.S. House of Representatives,11,1797,general
meae.congressional.congress05.va.county,congressional,5,VA,county,state,va.uscongress.12.1797,U.S. House of Representatives,12,1797,general
meae.congressional.congress06.va.county,congressional,6,VA,county,state,va.uscongress.6.1799,U.S. House of Representatives,6,1799,general
meae.congressional.congress06.va.county,congressional,6,VA,county,state,va.uscongress.15.1799,U.S. House of Representatives,15,1799,general
meae.congressional.congress07.va.county,congressional,7,VA,county,state,va.uscongress.9.1801,U.S. House of Representatives,9,1801,general
meae.congressional.congress07.va.county,congressional,7,VA,county,state,va.uscongress.8.1801,U.S. House of Representatives,8,1801,general
meae.congressional.congress07.va.county,congressional,7,VA,county,state,va.uscongress.6.1801,U.S. House of Representatives,6,1801,general
meae.congressional.congress07.va.county,congressional,7,VA,county,state,va.uscongress.5.1801,U.S. House of Representatives,5,1801,general
meae.congressional.congress07.va.county,congressional,7,VA,county,state,va.uscongress.14.1801,U.S. House of Representatives,14,1801,general
meae.congressional.congress07.va.county,congressional,7,VA,county,state,va.uscongress.4.1801,U.S. House of Representatives,4,1801,general
meae.congressional.congress08.va.county,congressional,8,VA,county,state,va.uscongress.9.1803,U.S. House of Representatives,9,1803,general
meae.congressional.congress08.va.county,congressional,8,VA,county,state,va.uscongress.21.1803,U.S. House of Representatives,21,1803,general
meae.congressional.congress08.va.county,congressional,8,VA,county,state,va.uscongress.13.1803,U.S. House of Representatives,13,1803,general
meae.congressional.congress08.va.county,congressional,8,VA,county,state,va.uscongress.1.1803,U.S. House of Representatives,1,1803,general
meae.congressional.congress08.va.county,congressional,8,VA,county,state,va.uscongress.6.1803,U.S. House of Representatives,6,1803,general
meae.congressional.congress09.va.county,congressional,9,VA,county,state,va.uscongress.3.1805,U.S. House of Representatives,3,1805,general
meae.congressional.congress09.va.county,congressional,9,VA,county,state,va.uscongress.22.1805,U.S. House of Representatives,22,1805,general
meae.congressional.congress09.va.county,congressional,9,VA,county,state,va.uscongress.13.1805,U.S. House of Representatives,13,1805,general
meae.congressional.congress09.va.county,congressional,9,VA,county,state,va.uscongress.9.1805,U.S. House of Representatives,9,1805,general
meae.congressional.congress09.va.county,congressional,9,VA,county,state,va.uscongress.6.1805,U.S. House of Representatives,6,1805,general
meae.congressional.congress10.va.county,congressional,10,VA,county,state,va.uscongress.6.1807,U.S. House of Representatives,6,1807,general
meae.congressional.congress10.va.county,congressional,10,VA,county,state,va.uscongress.4.1807,U.S. House of Representatives,4,1807,general
meae.congressional.congress10.va.county,congressional,10,VA,county,state,va.uscongress.21.1807,U.S. House of Representatives,21,1807,general
meae.congressional.congress10.va.county,congressional,10,VA,county,state,va.uscongress.18.1807,U.S. House of Representatives,18,1807,general
meae.congressional.congress10.va.county,congressional,10,VA,county,state,va.uscongress.17.1807,U.S. House of Representatives,17,1807,general
meae.congressional.congress10.va.county,congressional,10,VA,county,state,va.uscongress.13.1807,U.S. House of Representatives,13,1807,general
meae.congressional.congress10.va.county,congressional,10,VA,county,state,va.uscongress.12.1807,U.S. House of Representatives,12,1807,general
meae.congressional.congress11.va.county,congressional,11,VA,county,state,va.uscongress.9.1809,U.S. House of Representatives,9,1809,general
meae.congressional.congress11.va.county,congressional,11,VA,county,state,va.uscongress.21.1809,U.S. House of Representatives,21,1809,general
meae.congressional.congress11.va.county,congressional,11,VA,county,state,va.uscongress.14.1809,U.S. House of Representatives,14,1809,general
meae.congressional.congress11.va.county,congressional,11,VA,county,state,va.uscongress.13.1809,U.S. House of Representatives,13,1809,general
meae.congressional.congress11.va.county,congressional,11,VA,county,state,va.uscongress.10.1809,U.S. House of Representatives,10,1809,general
meae.congressional.congress12.va.county,congressional,12,VA,county,state,va.uscongress.18.1811,U.S. House of Representatives,18,1811,general
meae.congressional.congress12.va.county,congressional,12,VA,county,state,va.uscongress.14.1811,U.S. House of Representatives,14,1811,general
meae.congressional.congress12.va.county,congressional,12,VA,county,state,va.uscongress.13.1811,U.S. House of Representatives,13,1811,general
meae.congressional.congress12.va.county,congressional,12,VA,county,state,va.uscongress.10.1811,U.S. House of Representatives,10,1811,general
meae.congressional.congress12.va.county,congressional,12,VA,county,state,va.uscongress.6.1811,U.S. House of Representatives,6,1811,general
meae.congressional.congress12.va.county,congressional,12,VA,county,state,va.uscongress.22.1811,U.S. House of Representatives,22,1811,general
meae.congressional.congress12.va.county,congressional,12,VA,county,state,va.uscongress.17.1811,U.S. House of Representatives,17,1811,general
meae.congressional.congress12.va.county,congressional,12,VA,county,state,va.uscongress.21.1811,U.S. House of Representatives,21,1811,general
meae.congressional.congress13.va.county,congressional,13,VA,county,state,va.uscongress.17.1813,U.S. House of Representatives,17,1813,general
meae.congressional.congress13.va.county,congressional,13,VA,county,state,va.uscongress.14.1813,U.S. House of Representatives,14,1813,general
meae.congressional.congress13.va.county,congressional,13,VA,county,state,va.uscongress.19.1813,U.S. House of Representatives,19,1813,general
meae.congressional.congress14.va.county,congressional,14,VA,county,state,va.uscongress.7.1815,U.S. House of Representatives,7,1815,general
meae.congressional.congress14.va.county,congressional,14,VA,county,state,va.uscongress.6.1815,U.S. House of Representatives,6,1815,general
meae.congressional.congress14.va.county,congressional,14,VA,county,state,va.uscongress.23.1815,U.S. House of Representatives,23,1815,general
meae.congressional.congress14.va.county,congressional,14,VA,county,state,va.uscongress.21.1815,U.S. House of Representatives,21,1815,general
meae.congressional.congress14.va.county,congressional,14,VA,county,state,va.uscongress.14.1815,U.S. House of Representatives,14,1815,general
meae.congressional.congress14.va.county,congressional,14,VA,county,state,va.uscongress.19.1815,U.S. House of Representatives,19,1815,general
meae.congressional.congress15.va.county,congressional,15,VA,county,state,va.uscongress.11.1817,U.S. House of Representatives,11,1817,general
meae.congressional.congress15.va.county,congressional,15,VA,county,state,va.uscongress.14.1817,U.S. House of Representatives,14,1817,general
meae.congressional.congress15.va.county,congressional,15,VA,county,state,va.uscongress.4.1817,U.S. House of Representatives,4,1817,general
meae.congressional.congress15.va.county,congressional,15,VA,county,state,va.uscongress.18.1817,U.S. House of Representatives,18,1817,general
meae.congressional.congress15.va.county,congressional,15,VA,county,state,va.uscongress.19.1817,U.S. House of Representatives,19,1817,general
meae.congressional.congress16.va.county,congressional,16,VA,county,state,va.uscongress.5.1819,U.S. House of Representatives,5,1819,general
meae.congressional.congress16.va.county,congressional,16,VA,county,state,va.uscongress.4.1819,U.S. House of Representatives,4,1819,general
meae.congressional.congress16.va.county,congressional,16,VA,county,state,va.uscongress.23.1819,U.S. House of Representatives,23,1819,general
meae.congressional.congress16.va.county,congressional,16,VA,county,state,va.uscongress.22.1819,U.S. House of Representatives,22,1819,general
meae.congressional.congress16.va.county,congressional,16,VA,county,state,va.uscongress.14.1819,U.S. House of Representatives,14,1819,general
meae.congressional.congress18.va.county,congressional,18,VA,county,state,va.congress.11.1823,U.S. House of Representatives,11,1823,general
meae.congressional.congress19.va.county,congressional,19,VA,county,state,va.congress.4.1825,U.S. House of Representatives,4,1825,general
meae.congressional.congress19.va.county,congressional,19,VA,county,state,va.congress.14.1825,U.S. House of Representatives,14,1825,general
meae.congressional.congress19.va.county,congressional,19,VA,county,state,va.congress.1.1825,U.S. House of Representatives,1,1825,general
meae.congressional.congress02.vt.county,congressional,2,VT,county,state,vt.uscongress.eastern.1791,U.S. House of Representatives,2,1791,general
meae.congressional.congress02.vt.county,congressional,2,VT,county,state,vt.uscongress.western.secondballot.1791,U.S. House of Representatives,1,1791,general
meae.congressional.congress03.vt.county,congressional,3,VT,county,state,vt.uscongress.eastern.1793,U.S. House of Representatives,2,1793,general
meae.congressional.congress05.vt.county,congressional,5,VT,county,state,vt.uscongress.western.thirdballot.1797,U.S. House of Representatives,1,1797,general
meae.congressional.congress06.vt.county,congressional,6,VT,county,state,vt.uscongress.eastern.1798,U.S. House of Representatives,2,1798,general
meae.congressional.congress07.vt.county,congressional,7,VT,county,state,vt.uscongress.western.1800,U.S. House of Representatives,1,1800,general
meae.congressional.congress09.vt.county,congressional,9,VT,county,state,vt.uscongress.southwest.1804,U.S. House of Representatives,1,1804,general
meae.congressional.congress10.vt.county,congressional,10,VT,county,state,vt.uscongress.southwest.1806,U.S. House of Representatives,1,1806,general
meae.congressional.congress10.vt.county,congressional,10,VT,county,state,vt.uscongress.southeast.1806,U.S. House of Representatives,2,1806,general
meae.congressional.congress10.vt.county,congressional,10,VT,county,state,vt.uscongress.northeast.1806,U.S. House of Representatives,3,1806,general
meae.congressional.congress11.vt.county,congressional,11,VT,county,state,vt.uscongress.southwest.1808,U.S. House of Representatives,1,1808,general
meae.congressional.congress11.vt.county,congressional,11,VT,county,state,vt.uscongress.northwest.1808,U.S. House of Representatives,4,1808,general
meae.congressional.congress12.vt.county,congressional,12,VT,county,state,vt.uscongress.southwest.1810,U.S. House of Representatives,1,1810,general
meae.congressional.congress19.vt.county,congressional,19,VT,county,state,vt.uscongress1.2.1824,U.S. House of Representatives,1,1824,general
